col_a,col_b,chi2,p_value,dof,expected_min,n_rows,year
AGR_ALFAB,AGR_SEXO,104.9259098706465,1.2678914437937444e-24,1,73.3115823817292,15325,2008
AGR_ALFAB,VIC_ALFAB,2159.9110261166793,0.0,1,511.75954747580437,15292,2008
AGR_ALFAB,VIC_REL_AGR,235.89051829905966,7.364607517073965e-51,3,235.91667210440457,15325,2008
AGR_ALFAB,VIC_TRABAJA,188.0776971569262,8.354860157857675e-43,1,742.216400314383,15268,2008
AGR_ALFAB,VIC_NIV_ESCOLARIDAD,2215.8665559948718,0.0,4,54.359976239192136,15151,2008
AGR_ALFAB,AGR_NIV_ESCOLARIDAD,11752.765072407308,0.0,4,57.895406125166446,15020,2008
AGR_ALFAB,DIF_ALFAB,5597.525154268463,0.0,2,128.7832853779754,15292,2008
AGR_ALFAB,VIC_ES_INDIGENA,511.5095414059048,2.9770259524283976e-113,1,674.7860834121843,13739,2008
AGR_ALFAB,AGR_ES_INDIGENA,485.91689553999896,1.102190472691863e-107,1,714.1399898558076,13801,2008
AGR_EST_CIV,AGR_SEXO,237.2074864055992,3.822719881290393e-51,3,5.702690378476972,15351,2008
AGR_EST_CIV,VIC_REL_AGR,11840.776627248448,0.0,9,18.566347469220247,15351,2008
AGR_GRUPET,VIC_ES_INDIGENA,9755.414621868178,0.0,5,6.573204419889502,13756,2008
AGR_GRUPET,AGR_ES_INDIGENA,14045.000000000002,0.0,4,7.176931292274831,14045,2008
AGR_NACIONAL,VIC_REL_AGR,11.204584669242008,0.010669517831738041,3,9.38588156574105,14945,2008
AGR_NACIONAL,VIC_TRABAJA,13.929004962470914,0.0001898461911504377,1,28.643878852998455,14891,2008
AGR_NACIONAL,VIC_ES_INDIGENA,14.725851454205214,0.00012432981587992762,1,27.088913773796193,13395,2008
AGR_NACIONAL,AGR_ES_INDIGENA,21.942727436722045,2.8090938924731316e-06,1,26.048346433338278,13486,2008
AGR_SEXO,AGR_TRABAJA,2386.7343600877084,0.0,1,49.94138881596219,15236,2008
AGR_SEXO,VIC_REL_AGR,4457.933268183523,0.0,3,53.92886735929632,15689,2008
AGR_SEXO,CANTIDAD_HIJOS,26.48213853872645,7.558768783056868e-06,3,33.839632863789916,15689,2008
AGR_SEXO,VIC_OTRAS_VICTIMAS,21.115360924239823,4.324476888601343e-06,1,98.16979229683403,9918,2008
AGR_SEXO,VIOLENCIA_FISICA,105.32101293044984,1.0386882686992838e-24,1,151.77449168207025,15689,2008
AGR_SEXO,QUIEN_ES_MAYOR,134.61598395328497,5.868275526074691e-30,2,36.430280528052805,14544,2008
AGR_TRABAJA,VIC_REL_AGR,1350.5811723434792,1.5579243177013638e-292,3,159.8727356261486,15236,2008
AGR_TRABAJA,VIC_ES_INDIGENA,32.33794037124601,1.2955878449220277e-08,1,471.9121869049363,13654,2008
AGR_TRABAJA,AGR_ES_INDIGENA,50.60032408577112,1.132263430365678e-12,1,497.42531331973186,13724,2008
AGR_TRABAJA,GANA_MAS_LA_VICTIMA,807.7934852343885,1.090504179015139e-177,1,165.49993436597532,15236,2008
VIC_ALFAB,CANTIDAD_HIJOS,459.1799783580476,3.343558040733304e-99,3,237.4214876033058,15609,2008
VIC_ALFAB,VIC_RANGO_EDAD,433.5994024368663,2.6759987965538124e-96,1,628.0626561599078,15609,2008
VIC_ALFAB,VIC_NIV_ESCOLARIDAD,13310.80111814737,0.0,4,86.5469387755102,15435,2008
VIC_ALFAB,DIF_ALFAB,8401.711344074254,0.0,2,200.32317551660998,15292,2008
VIC_ALFAB,VIC_ES_INDIGENA,1442.4477556091583,0.0,1,1082.8652482269504,13959,2008
VIC_ALFAB,AGR_ES_INDIGENA,1242.5682742195177,3.421044135524177e-272,1,1141.7190625893113,13996,2008
VIC_DISC,VIC_REL_AGR,8.192837989363934,0.04218999156762137,3,20.35807739980719,14522,2008
VIC_DISC,VIC_OTRAS_VICTIMAS,10.336823558013963,0.0013040222798234456,1,39.543703862201774,9347,2008
VIC_DISC,VIC_ES_INDIGENA,7.2313001042955305,0.007164330529617555,1,60.79920202562725,13033,2008
VIC_DISC,AGR_ES_INDIGENA,8.121402854572077,0.004374569488039243,1,64.0684073904413,13098,2008
VIC_EST_CIV,VIC_REL_AGR,12547.102137836835,0.0,9,21.89053708439898,15640,2008
VIC_GRUPET,VIC_ES_INDIGENA,14000.0,0.0,4,6.522428571428572,14000,2008
VIC_NACIONAL,VIC_REL_AGR,67.18988398962445,1.7053726220977126e-14,3,18.863306114575966,15553,2008
VIC_NACIONAL,VIC_ES_INDIGENA,65.8784156436189,4.79615441308455e-16,1,52.27188940092166,13888,2008
VIC_NACIONAL,AGR_ES_INDIGENA,41.81548588849769,1.003058225531368e-10,1,58.26836097350851,13929,2008
VIC_TRABAJA,GANA_MAS_LA_VICTIMA,2510.4908974155105,0.0,1,539.4072580645161,15624,2008
CANTIDAD_HIJOS,VIC_RANGO_EDAD,709.5465675228218,1.786330582328229e-153,3,182.2695519153547,15689,2008
VIC_RANGO_EDAD,QUIEN_ES_MAYOR,633.5459494019054,2.674515205207978e-138,2,198.177599009901,14544,2008
VIC_NIV_ESCOLARIDAD,AGR_NIV_ESCOLARIDAD,9406.309762460394,0.0,16,9.452288543897216,14944,2008
VIC_NIV_ESCOLARIDAD,DIF_ALFAB,7460.18632637875,0.0,8,21.115635931621675,15151,2008
VIC_NIV_ESCOLARIDAD,GANA_MAS_LA_VICTIMA,794.2597807189954,1.3449458596813298e-170,4,39.40524781341108,15435,2008
AGR_NIV_ESCOLARIDAD,GANA_MAS_LA_VICTIMA,230.6427775957077,9.598796365573742e-49,4,41.58575233022636,15020,2008
VIOLENCIA_SEXUAL,VIOLENCIA_PATRIMONIAL,220.29485134782536,7.799543514911213e-50,1,87.76524953789279,15689,2008
VIOLENCIA_SEXUAL,VIC_ES_INDIGENA,11.68791617519193,0.0006290731285492763,1,171.64285714285714,14000,2008
VIOLENCIA_SEXUAL,AGR_ES_INDIGENA,11.484942894742982,0.0007016228268200052,1,181.93520825916696,14045,2008
VIOLENCIA_PATRIMONIAL,AGR_ES_INDIGENA,52.2163337454718,4.971092458576379e-13,1,827.1413314346743,14045,2008
DIF_ALFAB,VIC_ES_INDIGENA,555.8861934247496,1.953650238506131e-121,2,261.99475180406733,13719,2008
DIF_ALFAB,AGR_ES_INDIGENA,472.2519831183513,2.8299895504025596e-103,2,279.94191955858867,13774,2008
VIC_ES_INDIGENA,AGR_ES_INDIGENA,9742.320909240687,0.0,1,1686.2421316429572,13567,2008
VIC_ES_INDIGENA,GANA_MAS_LA_VICTIMA,137.3542888766903,1.0088063654313064e-31,1,514.5852857142858,14000,2008
AGR_ES_INDIGENA,GANA_MAS_LA_VICTIMA,143.54086704739885,4.476869389640911e-33,1,540.7817728729085,14045,2008
AGR_ALFAB,AGR_SEXO,105.50983775208329,9.442794225377881e-25,1,115.64355704973146,24391,2009
AGR_ALFAB,VIC_ALFAB,4168.285751966403,0.0,1,1004.6492641618022,24326,2009
AGR_ALFAB,VIC_EST_CIV,123.34909951035063,1.4657855260539454e-26,3,42.362403976502485,24343,2009
AGR_ALFAB,VIC_REL_AGR,252.8767723966916,1.5617389694064595e-54,3,423.41273420523964,24391,2009
AGR_ALFAB,CANTIDAD_HIJOS,366.77746600448677,3.47220913319369e-79,3,600.4762412365217,24391,2009
AGR_ALFAB,VIC_NIV_ESCOLARIDAD,4195.630904072014,0.0,4,78.22008281573498,24150,2009
AGR_ALFAB,AGR_NIV_ESCOLARIDAD,19548.919933142206,0.0,4,80.32009023687179,23937,2009
AGR_ALFAB,DIF_ALFAB,7992.100089353842,0.0,2,239.7268765929458,24326,2009
AGR_ALFAB,VIC_ES_INDIGENA,804.6983351547087,5.135257208510168e-177,1,1312.4372017646529,22214,2009
AGR_ALFAB,AGR_ES_INDIGENA,769.5612040681269,2.2395654203155427e-169,1,1365.8074827788032,22211,2009
AGR_EST_CIV,AGR_SEXO,321.4896411607033,2.2196250400227805e-69,3,6.690606829907461,24422,2009
AGR_EST_CIV,VIC_REL_AGR,19186.690227519506,0.0,9,24.601302104659734,24422,2009
AGR_GRUPET,VIC_ALFAB,1774.5688278635384,0.0,5,5.990613421160972,24290,2009
AGR_GRUPET,VIC_ES_INDIGENA,16001.76586089616,0.0,5,8.647685872351909,22233,2009
AGR_GRUPET,AGR_ES_INDIGENA,22498.999999999996,0.0,4,8.904929107960355,22499,2009
AGR_NACIONAL,VIC_ES_INDIGENA,14.750071235257945,0.00012274288877036493,1,45.76352004418465,21727,2009
AGR_NACIONAL,AGR_ES_INDIGENA,32.24846751750735,1.3566404516598595e-08,1,37.604615879729664,21751,2009
AGR_SEXO,AGR_TRABAJA,3512.2368080630554,0.0,1,61.299608650875385,24275,2009
AGR_SEXO,VIC_EST_CIV,220.53940200212006,1.5350287278962018e-47,3,7.2927105220623885,24748,2009
AGR_SEXO,VIC_REL_AGR,6273.308170096295,0.0,3,74.09193548387097,24800,2009
AGR_SEXO,VIOLENCIA_FISICA,170.39142118894281,6.076825391567257e-39,1,216.2350806451613,24800,2009
AGR_SEXO,QUIEN_ES_MAYOR,211.82290235007673,1.0074910210479171e-46,2,48.98876404494382,23229,2009
AGR_SEXO,GANA_MAS_LA_VICTIMA,206.83425509798522,6.738544041639259e-47,1,66.76290322580645,24800,2009
AGR_TRABAJA,VIC_REL_AGR,1683.8815287786153,0.0,3,221.770710607621,24275,2009
AGR_TRABAJA,VIC_ES_INDIGENA,69.25842062084469,8.637138451173087e-17,1,705.9715151241127,22117,2009
AGR_TRABAJA,AGR_ES_INDIGENA,67.12289000241083,2.5509923941714453e-16,1,732.8627574990965,22136,2009
VIC_ALFAB,VIC_GRUPET,2094.6094062872435,0.0,5,5.711022554537611,24341,2009
VIC_ALFAB,VIC_RANGO_EDAD,490.40731738985954,1.1619423141078388e-108,1,1095.1669770831647,24698,2009
VIC_ALFAB,VIC_NIV_ESCOLARIDAD,21525.11832243518,0.0,4,117.96598389141012,24459,2009
VIC_ALFAB,DIF_ALFAB,12125.534520936304,0.0,2,355.25150045219107,24326,2009
VIC_ALFAB,VIC_ES_INDIGENA,2065.3408842334106,0.0,1,1988.6692955487235,22443,2009
VIC_ALFAB,AGR_ES_INDIGENA,1737.2496151528262,0.0,1,2061.313704496788,22416,2009
VIC_DISC,VIC_REL_AGR,16.86580444346785,0.0007531033568260999,3,28.628557956104252,23328,2009
VIC_EST_CIV,VIC_REL_AGR,20492.70289647877,0.0,9,26.615807337966704,24748,2009
VIC_GRUPET,VIC_ES_INDIGENA,22528.0,0.0,4,8.25439453125,22528,2009
VIC_GRUPET,AGR_ES_INDIGENA,15970.570058154137,0.0,5,6.3050961711306845,22252,2009
VIC_NACIONAL,VIC_REL_AGR,58.77852661710449,1.0719221597801417e-12,3,21.396520890912047,24604,2009
VIC_NACIONAL,VIC_TRABAJA,12.748679129038708,0.0003562606659510755,1,64.42014511658242,24532,2009
VIC_NACIONAL,VIC_ES_INDIGENA,82.62437939677828,9.9225653895546e-20,1,63.95395413295185,22369,2009
VIC_NACIONAL,AGR_ES_INDIGENA,35.4603478213611,2.602958646021509e-09,1,69.07643397662652,22333,2009
VIC_REL_AGR,GANA_MAS_LA_VICTIMA,205.4497516350275,2.8024947062279877e-44,3,243.35548387096773,24800,2009
VIC_TRABAJA,AGR_OFICIO,1577.9084636923303,0.0,14,8.597856539333838,22487,2009
VIC_TRABAJA,GANA_MAS_LA_VICTIMA,4502.836981681447,0.0,1,739.7873786407768,24720,2009
CANTIDAD_HIJOS,VIC_RANGO_EDAD,1145.3983358877358,5.148830274940302e-248,3,659.6167741935484,24800,2009
VIC_RANGO_EDAD,QUIEN_ES_MAYOR,1124.3911059329582,6.943422558914828e-245,2,310.7865168539326,23229,2009
VIC_NIV_ESCOLARIDAD,AGR_NIV_ESCOLARIDAD,15563.992697896021,0.0,16,8.982277843104317,23812,2009
VIC_NIV_ESCOLARIDAD,DIF_ALFAB,10987.286990079414,0.0,8,27.4592132505176,24150,2009
VIC_NIV_ESCOLARIDAD,GANA_MAS_LA_VICTIMA,1528.5914423955319,0.0,4,44.330921133325155,24459,2009
VIC_OTRAS_VICTIMAS,VIOLENCIA_PATRIMONIAL,340.3675914024238,5.3065939803944156e-76,1,1292.8226806447976,17742,2009
VIOLENCIA_SEXUAL,VIOLENCIA_PATRIMONIAL,162.28854439411762,3.5780832018185447e-37,1,121.98,24800,2009
VIOLENCIA_SEXUAL,VIC_ES_INDIGENA,20.462999493890884,6.079522337977894e-06,1,281.72607421875,22528,2009
VIOLENCIA_SEXUAL,AGR_ES_INDIGENA,23.34901274037562,1.3511284036360888e-06,1,294.60473798835505,22499,2009
VIOLENCIA_PATRIMONIAL,VIC_ES_INDIGENA,185.57952516706808,2.9328082971050377e-42,1,1188.27392578125,22528,2009
VIOLENCIA_PATRIMONIAL,AGR_ES_INDIGENA,192.43300887176792,9.359983133867323e-44,1,1232.5906040268455,22499,2009
DIF_ALFAB,VIC_ES_INDIGENA,774.2063971029029,7.642174358174327e-169,2,462.70674248578393,22158,2009
DIF_ALFAB,AGR_ES_INDIGENA,650.6349966122718,5.2048188532855585e-142,2,482.53559658706155,22151,2009
VIC_ES_INDIGENA,AGR_ES_INDIGENA,15961.610457090415,0.0,1,2930.3383636363637,22000,2009
VIC_ES_INDIGENA,GANA_MAS_LA_VICTIMA,153.09563339848586,3.650668586133061e-35,1,765.8642578125,22528,2009
AGR_ES_INDIGENA,GANA_MAS_LA_VICTIMA,130.12892273012204,3.840086436486812e-30,1,789.9414196186497,22499,2009
AGR_ALFAB,AGR_EST_CIV,179.5365246448022,1.1105920865182798e-38,3,36.39420430629755,24708,2010
AGR_ALFAB,VIC_ALFAB,4090.170631086786,0.0,1,1098.5839779886753,25078,2010
AGR_ALFAB,VIC_EST_CIV,153.23843639538958,5.273842086712542e-33,3,43.25811085837424,25059,2010
AGR_ALFAB,VIC_REL_AGR,289.02705047119673,2.3576407189711667e-62,3,506.94886386246964,25129,2010
AGR_ALFAB,CANTIDAD_HIJOS,352.65053561125774,3.978760764051517e-76,3,545.2795574833857,25129,2010
AGR_ALFAB,VIC_NIV_ESCOLARIDAD,4108.37523134612,0.0,4,86.3623550257732,24832,2010
AGR_ALFAB,AGR_NIV_ESCOLARIDAD,19876.75460732953,0.0,4,89.64252070813708,24628,2010
AGR_ALFAB,DIF_ALFAB,8173.146681605567,0.0,2,251.4871600606109,25078,2010
AGR_ALFAB,VIC_ES_INDIGENA,989.2337851781825,3.93066079156789e-217,1,1469.5520554556224,22793,2010
AGR_ALFAB,AGR_ES_INDIGENA,939.4420459403751,2.6169515892617384e-206,1,1514.4664136287404,22658,2010
AGR_EST_CIV,AGR_SEXO,332.3291149584986,9.99251544960709e-72,3,6.616893993778416,25074,2010
AGR_EST_CIV,VIC_REL_AGR,19033.692491737515,0.0,9,25.738294647842388,25074,2010
AGR_GRUPET,AGR_ES_INDIGENA,22975.0,0.0,4,5.907943416757345,22975,2010
AGR_NACIONAL,VIC_REL_AGR,16.84275675285347,0.0007613643862804469,3,16.51719681494143,23987,2010
AGR_NACIONAL,VIC_TRABAJA,12.123779135860323,0.0004978291275726515,1,41.32027128862095,23886,2010
AGR_NACIONAL,VIC_ES_INDIGENA,27.042739683775455,1.9900627413357785e-07,1,49.575891216464534,21768,2010
AGR_NACIONAL,AGR_ES_INDIGENA,30.847988700854714,2.790511893492355e-08,1,46.20651522830945,21703,2010
AGR_SEXO,AGR_TRABAJA,3948.0644899415993,0.0,1,65.88894654903996,25051,2010
AGR_SEXO,VIC_REL_AGR,6002.66771994015,0.0,3,94.22736332017664,25589,2010
AGR_SEXO,VIOLENCIA_FISICA,150.13480594328803,1.6199232788018087e-34,1,223.35831802727733,25589,2010
AGR_SEXO,QUIEN_ES_MAYOR,180.14108820246346,7.635890902701443e-40,2,54.146402817373804,23852,2010
AGR_TRABAJA,VIC_REL_AGR,1674.4656237796273,0.0,3,254.7075965031336,25051,2010
AGR_TRABAJA,AGR_NIV_ESCOLARIDAD,77.738994590454,5.246051746534591e-16,4,43.63086531350152,24338,2010
AGR_TRABAJA,VIC_ES_INDIGENA,99.02592283910572,2.4921810522633797e-23,1,746.3921896301508,22739,2010
AGR_TRABAJA,AGR_ES_INDIGENA,89.21101167335678,3.548681633185322e-21,1,775.7282897064025,22616,2010
VIC_ALFAB,VIC_RANGO_EDAD,433.62284081671856,2.644750148170241e-96,1,1142.2707279783606,25509,2010
VIC_ALFAB,VIC_NIV_ESCOLARIDAD,22161.40983917551,0.0,4,134.48415374241404,25211,2010
VIC_ALFAB,DIF_ALFAB,12676.98771013608,0.0,2,384.12931653241884,25078,2010
VIC_ALFAB,VIC_ES_INDIGENA,2125.5427152067273,0.0,1,2299.6112339097645,23073,2010
VIC_ALFAB,AGR_ES_INDIGENA,1740.3999094038227,0.0,1,2364.173047540053,22907,2010
VIC_DISC,VIC_ES_INDIGENA,15.15461099259471,9.905610717396765e-05,1,75.35033761909166,21622,2010
VIC_DISC,AGR_ES_INDIGENA,13.536951144398724,0.00023391207619891967,1,79.2923205886462,21473,2010
VIC_EST_CIV,VIC_REL_AGR,20450.961687539326,0.0,9,30.85702524698134,25508,2010
VIC_GRUPET,VIC_ES_INDIGENA,23137.0,0.0,4,7.259368111682586,23137,2010
VIC_GRUPET,AGR_ES_INDIGENA,16103.494762674187,0.0,5,5.93326565741272,22657,2010
VIC_NACIONAL,VIC_REL_AGR,70.76436567208962,2.9280110070334324e-15,3,23.923824637968657,25205,2010
VIC_NACIONAL,VIC_TRABAJA,26.499195305364132,2.6364791334420153e-07,1,59.06175004983058,25085,2010
VIC_NACIONAL,VIC_ES_INDIGENA,75.53757582991658,3.585187579933167e-18,1,62.93039971949509,22816,2010
VIC_NACIONAL,AGR_ES_INDIGENA,33.67744383851168,6.5050620677014386e-09,1,68.07716417251578,22653,2010
VIC_REL_AGR,GANA_MAS_LA_VICTIMA,96.67733430752196,8.050270713902834e-21,3,255.5723162296299,25589,2010
VIC_TRABAJA,VIC_OFICIO,24917.000000000004,0.0,10,13.703816671348878,24917,2010
VIC_TRABAJA,AGR_OFICIO,1938.192240321926,0.0,14,5.523694432455762,23170,2010
VIC_TRABAJA,VIC_ES_INDIGENA,778.5141026493654,2.532569176364176e-171,1,2706.3848725630673,23031,2010
VIC_TRABAJA,AGR_ES_INDIGENA,654.5192498406034,2.3241736889112582e-144,1,2758.229699593336,22869,2010
VIC_TRABAJA,GANA_MAS_LA_VICTIMA,4466.963982518918,0.0,1,649.5137852486058,25462,2010
VIC_OFICIO,VIC_ES_INDIGENA,894.1618254532508,1.1493550041635271e-185,10,17.002661934338953,22540,2010
VIC_OFICIO,AGR_ES_INDIGENA,734.7888176718691,2.1266484766186442e-151,10,17.515078407720146,22383,2010
CANTIDAD_HIJOS,VIC_RANGO_EDAD,1069.773898163773,1.3138356214063173e-231,3,568.802532338114,25589,2010
CANTIDAD_HIJOS,VIOLENCIA_PSICOLOGICA,169.63741708011207,1.523848099021747e-36,3,520.2367423502286,25589,2010
CANTIDAD_HIJOS,GANA_MAS_LA_VICTIMA,53.23689755854025,1.632076254190703e-11,3,277.1487748641995,25589,2010
VIC_RANGO_EDAD,QUIEN_ES_MAYOR,1219.9440768622333,1.2373985252560494e-265,2,303.08779138017775,23852,2010
VIC_NIV_ESCOLARIDAD,DIF_ALFAB,11433.110303885205,0.0,8,29.63635631443299,24832,2010
VIC_NIV_ESCOLARIDAD,GANA_MAS_LA_VICTIMA,1611.023452429863,0.0,4,42.5826028320971,25211,2010
VIC_OTRAS_VICTIMAS,VIOLENCIA_SEXUAL,70.29485135173702,5.1070815198794506e-17,1,292.77603219227166,18141,2010
VIC_OTRAS_VICTIMAS,VIOLENCIA_PATRIMONIAL,278.46582287706235,1.6215230890536856e-62,1,1403.4511879168733,18141,2010
VIOLENCIA_SEXUAL,VIOLENCIA_PATRIMONIAL,267.57382875405165,3.834346794791947e-60,1,118.1659306733362,25589,2010
VIOLENCIA_SEXUAL,VIC_ES_INDIGENA,20.354235783251497,6.4350483809927726e-06,1,280.4408523144746,23137,2010
VIOLENCIA_SEXUAL,AGR_ES_INDIGENA,18.17391911359232,2.0162108891654236e-05,1,285.1567355821545,22975,2010
VIOLENCIA_PATRIMONIAL,VIC_ES_INDIGENA,110.47431818925955,7.713829790915087e-26,1,1315.4739162380602,23137,2010
VIOLENCIA_PATRIMONIAL,AGR_ES_INDIGENA,81.92292859457403,1.4149821299076066e-19,1,1333.619760609358,22975,2010
DIF_ALFAB,VIC_ES_INDIGENA,800.4976727246396,1.4932721988401602e-174,2,505.3014987034677,22753,2010
DIF_ALFAB,AGR_ES_INDIGENA,609.7320091103795,3.966217275014937e-133,2,520.3117704280156,22616,2010
VIC_ES_INDIGENA,AGR_ES_INDIGENA,16071.227020168739,0.0,1,3417.6028037383176,22470,2010
VIC_ES_INDIGENA,GANA_MAS_LA_VICTIMA,147.88236378902985,5.03321980767201e-34,1,745.8045554739163,23137,2010
AGR_ES_INDIGENA,GANA_MAS_LA_VICTIMA,97.01607698082512,6.876669095889678e-23,1,766.0633297062024,22975,2010
AGR_ALFAB,AGR_EST_CIV,215.4450561677706,1.937808049393795e-46,3,34.172952113664266,22804,2011
AGR_ALFAB,AGR_GRUPET,909.4827749938556,2.3592122042255234e-194,5,7.0313242410910695,22730,2011
AGR_ALFAB,VIC_ALFAB,4186.083851771586,0.0,1,1017.0348338460205,23081,2011
AGR_ALFAB,VIC_EST_CIV,194.26278111322452,7.323632038647512e-42,3,36.399088937093275,23050,2011
AGR_ALFAB,VIC_REL_AGR,291.58304443915716,6.5970448341315e-63,3,526.4882675770278,23141,2011
AGR_ALFAB,VIC_NIV_ESCOLARIDAD,4104.131844835492,0.0,4,111.71633438265128,22872,2011
AGR_ALFAB,AGR_NIV_ESCOLARIDAD,18322.994485245326,0.0,4,95.34862506610258,22692,2011
AGR_ALFAB,DIF_ALFAB,7637.835580416142,0.0,2,263.94008058576316,23081,2011
AGR_ALFAB,VIC_ES_INDIGENA,913.3597261203531,1.2234899675726905e-200,1,1395.474145780419,20867,2011
AGR_ALFAB,AGR_ES_INDIGENA,891.5710820944738,6.670766397806041e-196,1,1418.3894497850345,20701,2011
AGR_EST_CIV,AGR_SEXO,291.141645072855,8.21999130415879e-63,3,7.069158556541211,23222,2011
AGR_EST_CIV,VIC_REL_AGR,18195.375973144706,0.0,9,23.96899491861166,23222,2011
AGR_GRUPET,VIC_ALFAB,1876.13711607625,0.0,5,9.830104644123498,23126,2011
AGR_GRUPET,VIC_ES_INDIGENA,15108.904749131585,0.0,5,13.025942382112655,20931,2011
AGR_GRUPET,AGR_ES_INDIGENA,21098.999999999996,0.0,4,15.168207024029575,21099,2011
AGR_NACIONAL,VIC_REL_AGR,24.92579316367098,1.6002063543962596e-05,3,15.870532096875843,22214,2011
AGR_NACIONAL,VIC_TRABAJA,14.010887229662252,0.00018175518654721192,1,37.85793632874238,22145,2011
AGR_NACIONAL,VIC_ES_INDIGENA,20.733248970105436,5.279135378651531e-06,1,44.80868521112668,19988,2011
AGR_NACIONAL,AGR_ES_INDIGENA,42.50867718102985,7.036934664297422e-11,1,41.704743756895,19942,2011
AGR_SEXO,AGR_TRABAJA,3522.488078175728,0.0,1,86.4342958416184,23134,2011
AGR_SEXO,VIC_REL_AGR,6014.720229131161,0.0,3,112.2616617460987,23710,2011
AGR_SEXO,VIOLENCIA_FISICA,179.63158504221752,5.832579863279264e-41,1,277.5409531843104,23710,2011
AGR_SEXO,QUIEN_ES_MAYOR,267.40664409542273,8.577979866107876e-59,2,59.892391158140164,22303,2011
AGR_TRABAJA,VIC_REL_AGR,1658.8205321818743,0.0,3,293.85657473848016,23134,2011
AGR_TRABAJA,VIC_ES_INDIGENA,102.01336561364347,5.514841294916311e-24,1,798.1421163817937,20828,2011
AGR_TRABAJA,AGR_ES_INDIGENA,96.14462993709289,1.0679014235126305e-22,1,816.7089036127097,20677,2011
AGR_TRABAJA,GANA_MAS_LA_VICTIMA,733.9396572397807,1.2460875623620073e-161,1,227.15293507391718,23134,2011
VIC_ALFAB,VIC_RANGO_EDAD,557.6396783565979,2.7420178636393498e-123,1,1038.7059944926923,23605,2011
VIC_ALFAB,VIC_NIV_ESCOLARIDAD,20352.02959341581,0.0,4,160.11643482740854,23292,2011
VIC_ALFAB,DIF_ALFAB,10904.742413818558,0.0,2,365.18439409037734,23081,2011
VIC_ALFAB,VIC_ES_INDIGENA,2064.6192045215525,0.0,1,1985.2585126925069,21233,2011
VIC_ALFAB,AGR_ES_INDIGENA,1833.5337809624843,0.0,1,2027.3917427701674,21024,2011
VIC_DISC,VIC_ES_INDIGENA,6.638421481618514,0.009980232688783385,1,66.34833911750124,20170,2011
VIC_DISC,AGR_ES_INDIGENA,4.9736664973661044,0.025736036062063664,1,68.24754852911747,19988,2011
VIC_EST_CIV,VIC_REL_AGR,19345.602233908932,0.0,9,26.67323084741456,23613,2011
VIC_NACIONAL,VIC_REL_AGR,35.004588573715345,1.2155333553385062e-07,3,20.977709190672154,23328,2011
VIC_NACIONAL,VIC_ES_INDIGENA,84.54598221588071,3.75382243908812e-20,1,59.59241615853659,20992,2011
VIC_NACIONAL,AGR_ES_INDIGENA,43.29079538270686,4.7179772587659406e-11,1,60.94419030192132,20767,2011
VIC_REL_AGR,GANA_MAS_LA_VICTIMA,154.3583290719503,3.023475985706717e-33,3,288.0197385069591,23710,2011
VIC_TRABAJA,VIC_ES_INDIGENA,663.4992411480498,2.590228955885734e-146,1,2509.178773318259,21228,2011
VIC_TRABAJA,AGR_ES_INDIGENA,554.1232097198956,1.595991254106043e-122,1,2530.05705177008,21016,2011
VIC_TRABAJA,GANA_MAS_LA_VICTIMA,3946.2561644088496,0.0,1,699.4128860083873,23607,2011
CANTIDAD_HIJOS,VIC_RANGO_EDAD,964.4344345257953,9.337905860179134e-209,3,368.98911851539435,23710,2011
CANTIDAD_HIJOS,GANA_MAS_LA_VICTIMA,54.123868785450995,1.055840650522557e-11,3,200.30333192745678,23710,2011
VIC_RANGO_EDAD,QUIEN_ES_MAYOR,1099.3426763950977,1.9088462997779244e-239,2,288.35995157602116,22303,2011
VIC_NIV_ESCOLARIDAD,DIF_ALFAB,9926.775829767806,0.0,8,39.92200069954529,22872,2011
VIC_NIV_ESCOLARIDAD,GANA_MAS_LA_VICTIMA,1501.343855048185,0.0,4,60.77966683839945,23292,2011
VIC_OTRAS_VICTIMAS,VIOLENCIA_SEXUAL,30.882719096703028,2.7410166396354246e-08,1,195.44549562270544,14164,2011
VIC_OTRAS_VICTIMAS,VIOLENCIA_PATRIMONIAL,251.19986423227783,1.4218733462061634e-56,1,994.9237503530077,14164,2011
VIOLENCIA_FISICA,VIOLENCIA_PSICOLOGICA,1099.5780353985006,4.0794006898194735e-241,1,1069.0350063264445,23710,2011
VIOLENCIA_FISICA,VIOLENCIA_SEXUAL,50.80903688548919,1.0180390782919022e-12,1,243.63323492197384,23710,2011
VIOLENCIA_SEXUAL,VIOLENCIA_PATRIMONIAL,202.49631165307636,5.957955791440827e-46,1,117.33277098270771,23710,2011
VIOLENCIA_SEXUAL,VIC_ES_INDIGENA,27.70262143619512,1.414708723858141e-07,1,272.2083431091924,21311,2011
VIOLENCIA_SEXUAL,AGR_ES_INDIGENA,13.05323552726945,0.00030276092738743975,1,270.6941561211432,21099,2011
DIF_ALFAB,VIC_ES_INDIGENA,753.9847051663935,1.880622177982423e-164,2,503.26432585618903,20819,2011
DIF_ALFAB,AGR_ES_INDIGENA,659.9336227844359,4.980060297647505e-144,2,508.2153577999419,20654,2011
VIC_ES_INDIGENA,AGR_ES_INDIGENA,15073.605162620024,0.0,1,3091.6880174291937,20655,2011
VIC_ES_INDIGENA,GANA_MAS_LA_VICTIMA,171.85852447716314,2.9057536928875648e-39,1,772.9044155600394,21311,2011
AGR_ES_INDIGENA,GANA_MAS_LA_VICTIMA,176.7000167069601,2.546693593212685e-40,1,786.0242665529172,21099,2011
AGR_ALFAB,AGR_SEXO,208.28931414976233,3.2441137808183676e-47,1,110.47408030664236,21393,2012
AGR_ALFAB,VIC_ALFAB,3265.25320109619,0.0,1,556.887075595573,21324,2012
AGR_ALFAB,VIC_REL_AGR,345.6814398362099,1.2845710210450548e-74,3,382.82704623007527,21393,2012
AGR_ALFAB,VIC_NIV_ESCOLARIDAD,3249.1106753641534,0.0,4,92.17235018682307,21143,2012
AGR_ALFAB,AGR_NIV_ESCOLARIDAD,16447.204481995705,0.0,4,87.82598751608138,20987,2012
AGR_ALFAB,DIF_ALFAB,8023.506440171066,0.0,2,148.64378165447383,21324,2012
AGR_ALFAB,VIC_ES_INDIGENA,887.1555159557906,6.0824624161727495e-195,1,861.8697470206984,19132,2012
AGR_ALFAB,AGR_ES_INDIGENA,778.9940181328379,1.9916614431309475e-171,1,873.2320278686794,18946,2012
AGR_EST_CIV,VIC_REL_AGR,16635.495932825826,0.0,9,28.473647322680122,21402,2012
AGR_GRUPET,VIC_ALFAB,1498.5463068957163,0.0,5,5.491525423728813,21299,2012
AGR_GRUPET,VIC_ES_INDIGENA,13676.75196825231,0.0,5,7.628976739334515,19174,2012
AGR_GRUPET,AGR_ES_INDIGENA,19252.999999999996,0.0,4,9.531969043785384,19253,2012
AGR_NACIONAL,AGR_TRABAJA,50.45808606738739,1.2173718072820992e-12,1,9.917827160493827,20250,2012
AGR_NACIONAL,VIC_REL_AGR,14.555175733303589,0.0022390816133129265,3,15.009005519511959,20654,2012
AGR_NACIONAL,VIC_TRABAJA,14.101522151880623,0.00017320356362869133,1,33.89969885370118,20588,2012
AGR_NACIONAL,VIOLENCIA_FISICA,21.69033439291208,3.2040160289138036e-06,1,35.305993996320325,20654,2012
AGR_NACIONAL,VIC_ES_INDIGENA,8.934784518481337,0.0027979047469534604,1,32.732012343673865,18471,2012
AGR_NACIONAL,AGR_ES_INDIGENA,15.694543563351019,7.443860145817818e-05,1,27.640918239677962,18383,2012
AGR_SEXO,AGR_TRABAJA,3464.9545295780504,0.0,1,89.46491104539267,21303,2012
AGR_SEXO,VIC_REL_AGR,5652.5078773395735,0.0,3,117.84053794428434,21861,2012
AGR_SEXO,VIOLENCIA_FISICA,181.23579979108064,2.603754746215914e-41,1,280.54082612872236,21861,2012
AGR_SEXO,QUIEN_ES_MAYOR,190.0208556360703,5.463808574551727e-42,2,57.93251682238466,20657,2012
AGR_TRABAJA,VIC_REL_AGR,1670.1415359787163,0.0,3,310.37525231188096,21303,2012
AGR_TRABAJA,VIC_ES_INDIGENA,63.97550913109694,1.2597555071976426e-15,1,705.624737725556,19064,2012
AGR_TRABAJA,AGR_ES_INDIGENA,71.39406132044172,2.925513593600249e-17,1,712.6247219574198,18882,2012
AGR_TRABAJA,GANA_MAS_LA_VICTIMA,998.8884014316228,3.132474121997536e-219,1,279.94207388630707,21303,2012
VIC_ALFAB,VIC_REL_AGR,274.9536021324376,2.6165236633806977e-59,3,597.4501287001287,21756,2012
VIC_ALFAB,CANTIDAD_HIJOS,660.9976407911929,6.01009846368079e-143,3,324.766731016731,21756,2012
VIC_ALFAB,VIC_NIV_ESCOLARIDAD,18145.34166326471,0.0,4,142.29625499488895,21522,2012
VIC_ALFAB,DIF_ALFAB,11747.660570387026,0.0,2,223.54755205402364,21324,2012
VIC_ALFAB,VIC_ES_INDIGENA,1834.1193524544076,0.0,1,1341.9953660797034,19422,2012
VIC_ALFAB,AGR_ES_INDIGENA,1470.5514080589037,0.0,1,1365.6181761301423,19179,2012
VIC_DISC,CANTIDAD_HIJOS,13.646007165556872,0.0034288260909772837,3,15.492218373420501,20497,2012
VIC_DISC,VIC_ES_INDIGENA,12.060772344609315,0.0005149395366099091,1,63.05259138025095,18330,2012
VIC_DISC,AGR_ES_INDIGENA,18.086785271526626,2.1106118255375508e-05,1,62.76687251874724,18136,2012
VIC_EST_CIV,VIC_REL_AGR,17644.870556079895,0.0,9,28.219498760671993,21786,2012
VIC_GRUPET,VIC_ES_INDIGENA,19500.0,0.0,4,6.535025641025641,19500,2012
VIC_GRUPET,AGR_ES_INDIGENA,13685.91048327077,0.0,5,6.380907372400756,19044,2012
VIC_NACIONAL,VIC_REL_AGR,59.336433260110525,8.147053232960591e-13,3,26.602386237513873,21624,2012
VIC_NACIONAL,VIC_TRABAJA,12.342738676564139,0.0004427050790473767,1,61.32451253481894,21540,2012
VIC_NACIONAL,VIC_OTRAS_VICTIMAS,4.897523783937548,0.026895234721294008,1,45.37834957369062,13136,2012
VIC_NACIONAL,VIC_ES_INDIGENA,41.47557560095607,1.1935282467456776e-10,1,55.78491620111732,19332,2012
VIC_NACIONAL,AGR_ES_INDIGENA,31.95991010932769,1.5738738488390623e-08,1,60.078067693597404,19086,2012
VIC_REL_AGR,DIF_ALFAB,268.99368551651565,3.5613558216638256e-55,6,152.45244794597636,21324,2012
VIC_TRABAJA,VIC_NIV_ESCOLARIDAD,2524.228203784764,0.0,4,219.26820852373402,21446,2012
VIC_TRABAJA,AGR_NIV_ESCOLARIDAD,1347.908491231735,1.3635290884073183e-290,4,206.42222222222222,20925,2012
VIC_TRABAJA,GANA_MAS_LA_VICTIMA,4128.994986900595,0.0,1,818.5495222344726,21768,2012
VIC_RANGO_EDAD,QUIEN_ES_MAYOR,1071.860309489958,1.7721117643633243e-233,2,252.86958416033306,20657,2012
VIC_NIV_ESCOLARIDAD,DIF_ALFAB,10201.77152357985,0.0,8,36.803102681738636,21143,2012
VIC_NIV_ESCOLARIDAD,GANA_MAS_LA_VICTIMA,1533.6395473704995,0.0,4,82.61314004274696,21522,2012
AGR_NIV_ESCOLARIDAD,GANA_MAS_LA_VICTIMA,432.07924059646723,3.248808052883735e-92,4,78.8476676037547,20987,2012
OTROS_AGRESORES,VIC_OTRAS_VICTIMAS,21.730967078189302,3.136865495346492e-06,1,8.380281690140846,71,2012
OTROS_AGRESORES,VIC_ES_INDIGENA,4.937975886006577,0.026272786160221433,1,5.3283582089552235,67,2012
OTROS_AGRESORES,AGR_ES_INDIGENA,7.399766527164225,0.006523234289881678,1,5.492537313432836,67,2012
VIC_OTRAS_VICTIMAS,VIOLENCIA_SEXUAL,27.040253119903703,1.9926243219042982e-07,1,174.90187198067633,13248,2012
VIC_OTRAS_VICTIMAS,VIOLENCIA_PATRIMONIAL,355.04699306124985,3.3737079414191264e-79,1,1067.5187198067633,13248,2012
VIOLENCIA_FISICA,VIOLENCIA_PSICOLOGICA,849.9674325782343,7.390036366171078e-187,1,843.903298110791,21861,2012
VIOLENCIA_FISICA,VIOLENCIA_SEXUAL,66.11844039251383,4.2462446657960785e-16,1,221.89117606696857,21861,2012
VIOLENCIA_SEXUAL,VIOLENCIA_PATRIMONIAL,182.45355719266763,1.41165578587056e-41,1,110.21353094551942,21861,2012
DIF_ALFAB,VIC_ES_INDIGENA,716.2142157010267,2.9926720680344124e-156,2,341.3189347871671,19076,2012
DIF_ALFAB,AGR_ES_INDIGENA,569.0686852312004,2.681051090715603e-124,2,344.11605866469,18887,2012
VIC_ES_INDIGENA,AGR_ES_INDIGENA,13664.348634416372,0.0,1,2313.1089098421444,18878,2012
VIC_ES_INDIGENA,GANA_MAS_LA_VICTIMA,121.23143729958822,3.400548574480815e-28,1,806.5597435897436,19500,2012
AGR_ES_INDIGENA,GANA_MAS_LA_VICTIMA,107.04537839999364,4.35091974329623e-25,1,819.3963018750325,19253,2012
AGR_ALFAB,VIC_ALFAB,3225.420536747578,0.0,1,558.7796331138288,21260,2013
AGR_ALFAB,VIC_REL_AGR,271.165197394342,1.7273303332176247e-58,3,431.1022370210571,21323,2013
AGR_ALFAB,VIC_TRABAJA,343.0610846306322,1.374768219569171e-76,1,942.8683181839589,21233,2013
AGR_ALFAB,VIC_NIV_ESCOLARIDAD,3273.015728549787,0.0,4,90.5362020221381,20869,2013
AGR_ALFAB,AGR_NIV_ESCOLARIDAD,16525.856228291694,0.0,4,84.53080729672035,20612,2013
AGR_ALFAB,DIF_ALFAB,8195.338536754312,0.0,2,157.9247412982126,21260,2013
AGR_ALFAB,VIC_ES_INDIGENA,911.3057595995027,3.420592830046115e-200,1,875.862587338556,18892,2013
AGR_ALFAB,AGR_ES_INDIGENA,870.5633252892184,2.4610377534930428e-191,1,899.499490042407,18629,2013
AGR_EST_CIV,AGR_SEXO,175.73121244275626,7.366601598244216e-38,3,13.544953785827653,21422,2013
AGR_EST_CIV,AGR_TRABAJA,162.7670975496917,4.633842322941782e-35,3,34.864142645441945,20919,2013
AGR_EST_CIV,VIC_REL_AGR,17141.755122648377,0.0,9,45.89263374101391,21422,2013
AGR_GRUPET,VIC_ES_INDIGENA,13780.388295588393,0.0,5,5.980616879687335,18934,2013
AGR_GRUPET,AGR_ES_INDIGENA,19039.0,0.0,4,6.459162771153947,19039,2013
AGR_NACIONAL,VIC_TRABAJA,34.59860240502415,4.051971030019323e-09,1,38.875669040019645,20365,2013
AGR_NACIONAL,CANTIDAD_HIJOS,8.03406865694812,0.045312831623431166,3,9.453434368125153,20455,2013
AGR_NACIONAL,VIC_ES_INDIGENA,31.49437291579532,2.0001906088228576e-08,1,36.01125703564728,18122,2013
AGR_NACIONAL,AGR_ES_INDIGENA,47.22155056437989,6.339953671066234e-12,1,35.75122113676732,18016,2013
AGR_SEXO,AGR_TRABAJA,3603.547626520278,0.0,1,108.99967032449489,21233,2013
AGR_SEXO,VIC_REL_AGR,5594.919091653718,0.0,3,144.6327900287632,21903,2013
AGR_SEXO,CANTIDAD_HIJOS,79.64703516181223,3.65379777781589e-17,3,72.3163950143816,21903,2013
AGR_SEXO,OTROS_AGRESORES,126.68616265498208,2.1760146985074908e-29,1,56.84785512839543,6737,2013
AGR_SEXO,VIOLENCIA_FISICA,93.1508557672312,4.845649624517248e-22,1,352.7521344108113,21903,2013
AGR_SEXO,VIC_ES_INDIGENA,15.479726923997964,8.339491975953211e-05,1,297.5108684401201,19322,2013
AGR_SEXO,AGR_ES_INDIGENA,19.0704355725022,1.2598145618383635e-05,1,304.65717737276117,19039,2013
AGR_TRABAJA,VIC_REL_AGR,1839.101224902472,0.0,3,371.78542834267415,21233,2013
AGR_TRABAJA,VIC_ES_INDIGENA,100.52912265976497,1.1666884914127736e-23,1,763.1727557134525,18859,2013
AGR_TRABAJA,AGR_ES_INDIGENA,113.82274260549829,1.4249376912302674e-26,1,775.8006773101113,18603,2013
AGR_TRABAJA,GANA_MAS_LA_VICTIMA,1287.7875755869713,5.0952135055066486e-282,1,326.88268261668156,21233,2013
VIC_ALFAB,VIC_GRUPET,1820.2309847264764,0.0,5,5.6005256241787125,21308,2013
VIC_ALFAB,CANTIDAD_HIJOS,658.8923475226773,1.7192917480425008e-142,3,326.44971336849346,21805,2013
VIC_ALFAB,VIC_RANGO_EDAD,602.0031593778583,6.1389928729952555e-133,1,757.0600321027288,21805,2013
VIC_ALFAB,VIC_NIV_ESCOLARIDAD,18400.696729157,0.0,4,138.48740009402914,21270,2013
VIC_ALFAB,DIF_ALFAB,11611.236382743386,0.0,2,230.16632173095013,21260,2013
VIC_ALFAB,VIC_ES_INDIGENA,1800.2192447878313,0.0,1,1311.0314285714285,19250,2013
VIC_ALFAB,AGR_ES_INDIGENA,1531.71733004863,0.0,1,1346.7174256799494,18972,2013
VIC_DISC,VIC_ES_INDIGENA,5.425516631985818,0.01984456319822056,1,58.18351503138421,18162,2013
VIC_DISC,AGR_ES_INDIGENA,8.975549553219153,0.0027361627458825236,1,58.11117936117936,17908,2013
VIC_EST_CIV,VIC_REL_AGR,18183.91737292426,0.0,9,37.58524688233399,21731,2013
VIC_GRUPET,VIC_ES_INDIGENA,19322.000000000004,0.0,4,9.788841734810061,19322,2013
VIC_GRUPET,AGR_ES_INDIGENA,13813.099715611459,0.0,5,6.460580912863071,18798,2013
VIC_NACIONAL,VIC_REL_AGR,27.50507105133039,4.61320618498678e-06,3,25.623877418757523,21602,2013
VIC_NACIONAL,VIC_TRABAJA,14.583467257096327,0.00013408579031715825,1,54.877081976365496,21494,2013
VIC_NACIONAL,VIC_ES_INDIGENA,59.49610218764816,1.2253658412474223e-14,1,49.6721568627451,19125,2013
VIC_NACIONAL,AGR_ES_INDIGENA,37.65068045019586,8.461715496796044e-10,1,52.43072513005627,18838,2013
VIC_REL_AGR,DIF_ALFAB,273.9094778599705,3.160666570429644e-56,6,177.06378174976481,21260,2013
VIC_REL_AGR,GANA_MAS_LA_VICTIMA,199.1267212315987,6.514056439252293e-43,3,420.28763183125596,21903,2013
VIC_TRABAJA,VIC_NIV_ESCOLARIDAD,2808.993134667884,0.0,4,221.0608006042296,21184,2013
VIC_TRABAJA,AGR_NIV_ESCOLARIDAD,1340.9941127831817,4.304001261723323e-289,4,199.8752373995617,20535,2013
VIC_TRABAJA,GANA_MAS_LA_VICTIMA,4364.727817154635,0.0,1,920.8820828358894,21778,2013
CANTIDAD_HIJOS,VIC_RANGO_EDAD,1008.6446397040284,2.3979409009686543e-218,3,285.22722914669225,21903,2013
CANTIDAD_HIJOS,DIF_ALFAB,372.88135895679466,1.8817059810635967e-77,6,88.78080903104421,21260,2013
VIC_RANGO_EDAD,QUIEN_ES_MAYOR,1063.1650054010695,1.3697849833870202e-231,2,258.8597977060446,20663,2013
VIC_NIV_ESCOLARIDAD,DIF_ALFAB,10148.221968435857,0.0,8,36.63184627917006,20869,2013
VIC_NIV_ESCOLARIDAD,GANA_MAS_LA_VICTIMA,2007.0917887755845,0.0,4,87.62487070992007,21270,2013
AGR_NIV_ESCOLARIDAD,GANA_MAS_LA_VICTIMA,624.749224941318,6.815431029947781e-134,4,80.68984086939646,20612,2013
OTROS_AGRESORES,VIC_OTRAS_VICTIMAS,654.9450533976781,1.8778708466090015e-144,1,322.34355633243285,6293,2013
VIC_OTRAS_VICTIMAS,VIOLENCIA_SEXUAL,26.456843788841503,2.6949199336768037e-07,1,163.95169235658668,12586,2013
VIC_OTRAS_VICTIMAS,VIOLENCIA_PATRIMONIAL,323.8906888632806,2.0579778744090886e-72,1,1052.5612585412364,12586,2013
VIOLENCIA_FISICA,VIOLENCIA_PSICOLOGICA,1132.0681816124143,3.5411047789054373e-248,1,966.6940601744053,21903,2013
VIOLENCIA_FISICA,VIOLENCIA_SEXUAL,48.74216403679027,2.9192256363970146e-12,1,215.59101492946172,21903,2013
VIOLENCIA_SEXUAL,VIOLENCIA_PATRIMONIAL,107.94326973924555,2.7658262809952734e-25,1,93.19791809341186,21903,2013
DIF_ALFAB,VIC_ES_INDIGENA,723.9840230226523,6.1498837655734044e-158,2,356.9077641564507,18843,2013
DIF_ALFAB,AGR_ES_INDIGENA,583.5506663215739,1.9212454535328593e-127,2,367.28322299370257,18579,2013
VIC_ES_INDIGENA,AGR_ES_INDIGENA,13779.25349817545,0.0,1,2335.7074231120178,18631,2013
VIC_ES_INDIGENA,GANA_MAS_LA_VICTIMA,233.5850272914863,9.852208443907882e-53,1,896.7278232067074,19322,2013
AGR_ES_INDIGENA,GANA_MAS_LA_VICTIMA,203.6393768106617,3.354851202158734e-46,1,902.8474184568518,19039,2013
AGR_ALFAB,AGR_GRUPET,883.1822828142912,1.1608409936645518e-188,5,5.915959946868295,19574,2014
AGR_ALFAB,AGR_SEXO,175.640561953042,4.338362499294158e-40,1,129.3469047979416,19821,2014
AGR_ALFAB,VIC_ALFAB,3743.028002013115,0.0,1,534.647615193971,19771,2014
AGR_ALFAB,VIC_REL_AGR,306.5144053747639,3.870954612214571e-66,3,397.3482165380152,19821,2014
AGR_ALFAB,VIC_NIV_ESCOLARIDAD,3601.66411335153,0.0,4,84.0252995320615,19447,2014
AGR_ALFAB,AGR_NIV_ESCOLARIDAD,15688.103061500273,0.0,4,78.69063034132698,19307,2014
AGR_ALFAB,DIF_ALFAB,6787.189222387035,0.0,2,136.6078094178342,19771,2014
AGR_ALFAB,VIC_ES_INDIGENA,888.2051095330808,3.596722277642923e-195,1,877.629447578618,17903,2014
AGR_ALFAB,AGR_ES_INDIGENA,865.4407855480857,3.1969969072555096e-190,1,900.5006190208217,17770,2014
AGR_EST_CIV,AGR_SEXO,1196.5203724203943,4.1702780035698857e-259,3,14.931850327889931,15554,2014
AGR_EST_CIV,AGR_TRABAJA,799.8433545155441,4.6795798812294656e-173,3,32.26616571089579,15171,2014
AGR_EST_CIV,VIC_REL_AGR,17997.30903322853,0.0,9,15.767648193390768,15554,2014
AGR_GRUPET,VIC_ALFAB,1581.6317367143279,0.0,5,9.042617500377816,19851,2014
AGR_GRUPET,VIOLENCIA_PSICOLOGICA,166.74714571795678,3.6058995057271952e-34,5,5.251127819548872,19950,2014
AGR_GRUPET,VIC_ES_INDIGENA,13230.007101921223,0.0,5,13.81722514538909,18055,2014
AGR_GRUPET,AGR_ES_INDIGENA,18066.000000000004,0.0,4,16.795914978412487,18066,2014
AGR_NACIONAL,AGR_TRABAJA,31.017568287097966,2.5570341045637976e-08,1,11.441565309360128,18910,2014
AGR_NACIONAL,VIC_REL_AGR,29.34169353855867,1.8981231802002129e-06,3,15.586483567350717,19443,2014
AGR_NACIONAL,VIC_TRABAJA,12.240235147103066,0.00046769934651567176,1,33.261636907833626,19378,2014
AGR_NACIONAL,VIC_OTRAS_VICTIMAS,4.861761165774145,0.027458293010181406,1,26.27829002514669,11930,2014
AGR_NACIONAL,VIC_ES_INDIGENA,22.78532234807224,1.811438881011336e-06,1,35.596330275229356,17549,2014
AGR_NACIONAL,AGR_ES_INDIGENA,17.864948457090318,2.371490337511344e-05,1,31.736751745450384,17474,2014
AGR_SEXO,AGR_TRABAJA,3733.556582704425,0.0,1,119.96165221825599,19610,2014
AGR_SEXO,VIC_EST_CIV,1176.6389309266146,8.584852730269623e-255,3,13.876524688539561,15331,2014
AGR_SEXO,VIC_REL_AGR,5350.517058970488,0.0,3,140.49607116382506,20235,2014
AGR_SEXO,CANTIDAD_HIJOS,49.20930768502367,1.1772514329964766e-10,3,68.1236471460341,20235,2014
AGR_SEXO,OTROS_AGRESORES,114.79318680078869,8.734820622018053e-27,1,79.99669694467383,8477,2014
AGR_SEXO,VIOLENCIA_FISICA,110.22008492022053,8.769356318841954e-26,1,357.27916975537437,20235,2014
AGR_SEXO,QUIEN_ES_MAYOR,194.82852701608246,4.9376795331116956e-43,2,64.96119152506817,19068,2014
AGR_TRABAJA,VIC_REL_AGR,1779.3061418630707,0.0,3,364.07853136155023,19610,2014
AGR_TRABAJA,VIC_ES_INDIGENA,119.1779937860571,9.57411996421287e-28,1,817.9727139474575,17738,2014
AGR_TRABAJA,AGR_ES_INDIGENA,138.13409039732178,6.811832740035207e-32,1,837.5952759482171,17612,2014
AGR_TRABAJA,GANA_MAS_LA_VICTIMA,1083.076195109089,1.5747187073347515e-237,1,310.8328403875574,19610,2014
VIC_ALFAB,VIC_GRUPET,1843.71749423685,0.0,5,6.406414432473064,19955,2014
VIC_ALFAB,VIC_RANGO_EDAD,487.8660591438231,4.150834196331102e-108,1,704.6835908390879,20129,2014
VIC_ALFAB,VIC_NIV_ESCOLARIDAD,17259.299686791368,0.0,4,125.48269045567439,19729,2014
VIC_ALFAB,DIF_ALFAB,10079.203312235599,0.0,2,196.7676900510849,19771,2014
VIC_ALFAB,VIC_ES_INDIGENA,1827.943039482534,0.0,1,1297.9429926121954,18138,2014
VIC_ALFAB,AGR_ES_INDIGENA,1547.6108716208068,0.0,1,1331.4010460134646,17973,2014
VIC_EST_CIV,VIC_REL_AGR,18674.05344935671,0.0,9,12.233448568260387,15331,2014
VIC_GRUPET,VIC_ES_INDIGENA,18231.0,0.0,4,11.603971257747792,18231,2014
VIC_GRUPET,AGR_ES_INDIGENA,13186.276374080968,0.0,5,10.078057193724268,17974,2014
VIC_NACIONAL,VIC_REL_AGR,31.285652451521088,7.400985714136581e-07,3,22.319617891437385,20099,2014
VIC_NACIONAL,VIC_ES_INDIGENA,53.60002214820052,2.4575663784409596e-13,1,46.84635746980643,18133,2014
VIC_NACIONAL,AGR_ES_INDIGENA,26.5066120376391,2.626376285920766e-07,1,52.36070136376287,17965,2014
VIC_TRABAJA,VIC_NIV_ESCOLARIDAD,2378.2494927370713,0.0,4,187.84519147637695,19663,2014
VIC_TRABAJA,AGR_NIV_ESCOLARIDAD,1089.9787568830022,1.1253936001389695e-234,4,173.7401038961039,19250,2014
VIC_TRABAJA,GANA_MAS_LA_VICTIMA,4167.133273899675,0.0,1,756.7138037114221,20154,2014
CANTIDAD_HIJOS,VIC_RANGO_EDAD,991.3194348735638,1.3746879433400062e-214,3,249.78670620212503,20235,2014
VIC_RANGO_EDAD,QUIEN_ES_MAYOR,1052.3302025915498,3.086028533042823e-229,2,241.26368785399623,19068,2014
VIC_NIV_ESCOLARIDAD,DIF_ALFAB,8893.33421752993,0.0,8,30.148403352702218,19447,2014
VIC_NIV_ESCOLARIDAD,GANA_MAS_LA_VICTIMA,1626.3436114409099,0.0,4,73.91403517664352,19729,2014
AGR_NIV_ESCOLARIDAD,GANA_MAS_LA_VICTIMA,445.3242688974143,4.453035375735826e-95,4,69.03195732117885,19307,2014
OTROS_AGRESORES,VIC_OTRAS_VICTIMAS,1129.5404029627944,1.2546525951478974e-247,1,498.74353288987436,8118,2014
OTROS_AGRESORES,VIOLENCIA_FISICA,46.296014360554224,1.0167056504509596e-11,1,494.2238999646101,8477,2014
OTROS_AGRESORES,VIOLENCIA_PATRIMONIAL,495.3419264036223,9.805787906523226e-110,1,271.9556446856199,8477,2014
OTROS_AGRESORES,AGR_ES_INDIGENA,68.71117235037808,1.1399328818472553e-16,1,511.11395379193317,7661,2014
VIC_OTRAS_VICTIMAS,VIOLENCIA_SEXUAL,27.762858346746018,1.371337060591462e-07,1,161.60224755967516,12191,2014
VIC_OTRAS_VICTIMAS,VIOLENCIA_PATRIMONIAL,635.153120178346,3.785054369643581e-140,1,1139.9138708883602,12191,2014
VIOLENCIA_FISICA,VIOLENCIA_PSICOLOGICA,965.1880633867167,6.626135728169119e-212,1,875.8147763775636,20235,2014
VIOLENCIA_FISICA,VIOLENCIA_SEXUAL,34.26209867751831,4.8167162642016984e-09,1,187.88594020261922,20235,2014
VIOLENCIA_PSICOLOGICA,VIC_ES_INDIGENA,126.67728387055206,2.1857717876586215e-29,1,756.4338763644342,18231,2014
VIOLENCIA_PSICOLOGICA,AGR_ES_INDIGENA,114.47914542999565,1.0233686819222103e-26,1,773.3585741171261,18066,2014
VIOLENCIA_SEXUAL,VIOLENCIA_PATRIMONIAL,105.45748486139043,9.6955986983587e-25,1,81.94277242401779,20235,2014
DIF_ALFAB,VIC_ES_INDIGENA,650.7641997241835,4.87921010513907e-142,2,320.68704854695113,17859,2014
DIF_ALFAB,AGR_ES_INDIGENA,498.3250712652105,6.167166558959391e-109,2,326.69826224328597,17724,2014
VIC_ES_INDIGENA,AGR_ES_INDIGENA,13185.80004439948,0.0,1,2407.382945213185,17778,2014
VIC_ES_INDIGENA,GANA_MAS_LA_VICTIMA,211.26345228684266,7.281488584480585e-48,1,818.8052218748286,18231,2014
AGR_ES_INDIGENA,GANA_MAS_LA_VICTIMA,152.23808522752643,5.620706314333841e-35,1,837.5562935901694,18066,2014
AGR_ALFAB,VIC_ALFAB,3287.8977349190227,0.0,1,417.65538161529713,18461,2015
AGR_ALFAB,VIC_REL_AGR,263.4182020338546,8.191559028836898e-57,3,367.63296952669117,18508,2015
AGR_ALFAB,VIC_NIV_ESCOLARIDAD,3196.743124053344,0.0,4,83.84063173007897,18109,2015
AGR_ALFAB,AGR_NIV_ESCOLARIDAD,14216.711120323738,0.0,4,69.00938757264193,17896,2015
AGR_ALFAB,DIF_ALFAB,6819.676711471662,0.0,2,115.7631764259791,18461,2015
AGR_ALFAB,VIC_ES_INDIGENA,734.724945312438,8.409958172511841e-162,1,710.4581530473482,16178,2015
AGR_ALFAB,AGR_ES_INDIGENA,715.8820108979455,1.052231432543863e-157,1,718.0712423979148,16114,2015
AGR_EST_CIV,AGR_SEXO,1553.3621137482219,0.0,3,17.156083086053414,15165,2015
AGR_EST_CIV,AGR_TRABAJA,811.5366604720537,1.362013918779348e-175,3,36.94304689072248,14907,2015
AGR_EST_CIV,VIC_EST_CIV,21079.520404538467,0.0,9,5.377643088366967,14519,2015
AGR_EST_CIV,VIC_REL_AGR,18186.501727229705,0.0,9,20.622551928783384,15165,2015
AGR_GRUPET,VIC_ALFAB,1320.6676479087334,2.1264702830276337e-283,5,6.556558857330487,18273,2015
AGR_GRUPET,VIC_ES_INDIGENA,11631.478122797644,0.0,5,11.736701632425051,16111,2015
AGR_GRUPET,AGR_ES_INDIGENA,16266.999999999998,0.0,4,12.961947501075798,16267,2015
AGR_NACIONAL,VIC_REL_AGR,21.701895046737103,7.524277413012843e-05,3,16.438820422535212,18176,2015
AGR_NACIONAL,VIC_TRABAJA,14.727188998644426,0.00012424164097701087,1,32.89338336736383,18121,2015
AGR_NACIONAL,AGR_ES_INDIGENA,26.99538913757045,2.0394136951860834e-07,1,7.574227390507489,15823,2015
AGR_SEXO,AGR_TRABAJA,3447.348001491672,0.0,1,115.0392167527876,18385,2015
AGR_SEXO,VIC_EST_CIV,1050.9460329252856,1.5962888625941412e-227,3,17.415623535711894,14939,2015
AGR_SEXO,VIC_REL_AGR,5127.503655644638,0.0,3,146.80839727195226,18768,2015
AGR_SEXO,CANTIDAD_HIJOS,69.99526660664502,4.278309465815805e-15,3,84.90004262574595,18768,2015
AGR_SEXO,OTROS_AGRESORES,171.61713109128345,3.280790294148539e-39,1,69.23076923076923,9282,2015
AGR_SEXO,VIOLENCIA_FISICA,73.57954483490826,9.666121367263234e-18,1,358.71014492753625,18768,2015
AGR_SEXO,QUIEN_ES_MAYOR,204.15462380598206,4.6600085446000525e-45,2,68.33100852429979,18066,2015
AGR_TRABAJA,VIC_REL_AGR,1591.0412461505916,0.0,3,364.24889855860755,18385,2015
AGR_TRABAJA,VIC_ES_INDIGENA,49.84731888897063,1.661873169017895e-12,1,715.8088958009331,16075,2015
AGR_TRABAJA,AGR_ES_INDIGENA,70.25612102704196,5.208341613590929e-17,1,727.9370786516854,16020,2015
AGR_TRABAJA,GANA_MAS_LA_VICTIMA,1095.1723157587026,3.6996142792689146e-240,1,282.06004895295075,18385,2015
VIC_ALFAB,VIC_REL_AGR,272.4151836631585,9.266926991407045e-59,3,532.6780367835757,18704,2015
VIC_ALFAB,VIC_NIV_ESCOLARIDAD,15973.857244876272,0.0,4,123.13469521520646,18308,2015
VIC_ALFAB,VIOLENCIA_FISICA,99.4873638574261,1.9741894191545454e-23,1,1302.6053250641573,18704,2015
VIC_ALFAB,DIF_ALFAB,9746.827229452518,0.0,2,164.69400357510426,18461,2015
VIC_ALFAB,VIC_ES_INDIGENA,1425.2033266993599,0.0,1,1029.771423317396,16314,2015
VIC_ALFAB,AGR_ES_INDIGENA,1274.097155520094,4.811899682543165e-279,1,1042.6310272536687,16218,2015
VIC_DISC,VIC_REL_AGR,17.573060099397903,0.0005386493283647867,3,18.09563963164318,18026,2015
VIC_EST_CIV,VIC_REL_AGR,18734.917709116606,0.0,9,17.00515429412946,14939,2015
VIC_EST_CIV,VIC_RANGO_EDAD,361.7335891231178,4.294170612304548e-78,3,54.963786063324186,14939,2015
VIC_GRUPET,VIC_ES_INDIGENA,16359.999999999998,0.0,4,9.212836185819071,16360,2015
VIC_GRUPET,AGR_ES_INDIGENA,11630.991243652052,0.0,5,8.298039215686275,16065,2015
VIC_NACIONAL,VIC_ES_INDIGENA,8.977906334011093,0.0027326358019964248,1,27.625798525798526,16280,2015
VIC_NACIONAL,AGR_ES_INDIGENA,10.503058135639575,0.0011917713749603415,1,57.57785467128028,16184,2015
VIC_REL_AGR,OTROS_AGRESORES,264.02508880441064,6.054506338843224e-57,3,177.05128205128204,9282,2015
VIC_REL_AGR,DIF_ALFAB,273.9879764652127,3.040744993440123e-56,6,144.15697957857105,18461,2015
VIC_TRABAJA,VIC_NIV_ESCOLARIDAD,2208.140008997674,0.0,4,212.71794871794873,18252,2015
VIC_TRABAJA,AGR_NIV_ESCOLARIDAD,931.338096950773,2.7009145941373356e-200,4,167.54818467055134,17848,2015
VIC_TRABAJA,GANA_MAS_LA_VICTIMA,3403.3395460458078,0.0,1,715.9499277804525,18693,2015
CANTIDAD_HIJOS,VIC_RANGO_EDAD,1045.0190345420035,3.0825991875339097e-226,3,293.6050724637681,18768,2015
VIC_RANGO_EDAD,QUIEN_ES_MAYOR,965.1703117754466,2.6057320187948757e-210,2,240.0924388353814,18066,2015
VIC_NIV_ESCOLARIDAD,DIF_ALFAB,8652.598442051882,0.0,8,32.21823402727925,18109,2015
VIC_NIV_ESCOLARIDAD,GANA_MAS_LA_VICTIMA,1374.1610286730613,2.7692569841409413e-296,4,79.72880707887262,18308,2015
AGR_NIV_ESCOLARIDAD,GANA_MAS_LA_VICTIMA,335.3407870495841,2.5627849906841416e-71,4,63.875726419311576,17896,2015
OTROS_AGRESORES,VIC_OTRAS_VICTIMAS,1156.0244012048536,2.200759048477326e-253,1,349.7806343906511,8985,2015
OTROS_AGRESORES,VIOLENCIA_FISICA,41.29586140238897,1.308456295804778e-10,1,423.0769230769231,9282,2015
OTROS_AGRESORES,VIOLENCIA_PATRIMONIAL,618.1160335776883,1.9209408268060154e-136,1,194.74358974358975,9282,2015
VIC_OTRAS_VICTIMAS,VIOLENCIA_SEXUAL,19.954418276537037,7.931047012027747e-06,1,155.17302340808644,12218,2015
VIC_OTRAS_VICTIMAS,VIOLENCIA_PATRIMONIAL,850.5559860675696,5.504195497954807e-187,1,967.6018988377804,12218,2015
VIOLENCIA_FISICA,VIOLENCIA_PSICOLOGICA,830.4308890152583,1.3061424777171497e-182,1,930.9565217391304,18768,2015
VIOLENCIA_FISICA,VIOLENCIA_SEXUAL,38.11485984042859,6.670021719996719e-10,1,186.268115942029,18768,2015
VIOLENCIA_SEXUAL,VIOLENCIA_PATRIMONIAL,131.63903857305226,1.7945475808071686e-30,1,71.55610613810742,18768,2015
VIOLENCIA_SEXUAL,VIC_ES_INDIGENA,9.272175619850827,0.0023266117651184427,1,149.53141809290955,16360,2015
VIOLENCIA_SEXUAL,AGR_ES_INDIGENA,8.04247557069828,0.0045693049663939975,1,152.66293723489272,16267,2015
DIF_ALFAB,VIC_ES_INDIGENA,536.2966183742783,3.504846388601408e-117,2,274.2398860045846,16141,2015
DIF_ALFAB,AGR_ES_INDIGENA,446.7905259362096,9.564670418920468e-98,2,277.2054615576014,16076,2015
VIC_ES_INDIGENA,AGR_ES_INDIGENA,11627.282924339412,0.0,1,2033.2787195160377,15869,2015
VIC_ES_INDIGENA,GANA_MAS_LA_VICTIMA,118.64626594790164,1.251749456410021e-27,1,718.6012224938876,16360,2015
AGR_ES_INDIGENA,GANA_MAS_LA_VICTIMA,124.4805651886339,6.612361510828524e-29,1,716.8677076289421,16267,2015
AGR_ALFAB,VIC_ALFAB,2941.61889578752,0.0,1,369.808389261745,17880,2016
AGR_ALFAB,VIC_REL_AGR,212.56305191702847,8.132659779185202e-46,3,361.68583700563397,17927,2016
AGR_ALFAB,CANTIDAD_HIJOS,161.95511769339026,6.937254099180903e-35,3,227.28694148491104,17927,2016
AGR_ALFAB,VIC_NIV_ESCOLARIDAD,2977.714716469873,0.0,4,72.03579519710014,17656,2016
AGR_ALFAB,AGR_NIV_ESCOLARIDAD,14202.489811780493,0.0,4,67.68128268490317,17401,2016
AGR_ALFAB,VIOLENCIA_FISICA,46.157422953604716,1.0912279405241459e-11,1,866.0727394432978,17927,2016
AGR_ALFAB,DIF_ALFAB,6962.616603029292,0.0,2,107.18909395973154,17880,2016
AGR_ALFAB,VIC_ES_INDIGENA,696.5642172555779,1.6704762271940638e-153,1,630.7529903915289,15299,2016
AGR_ALFAB,AGR_ES_INDIGENA,632.0270276705407,1.811183788597411e-139,1,659.8133499770055,15221,2016
AGR_EST_CIV,AGR_SEXO,1069.1833583171258,1.7646372846584312e-231,3,26.94946401225115,14366,2016
AGR_EST_CIV,AGR_TRABAJA,778.8816244935995,1.6452675087015304e-168,3,55.55419281232174,14024,2016
AGR_EST_CIV,VIC_EST_CIV,22541.694058783294,0.0,9,12.590964943982653,13835,2016
AGR_EST_CIV,VIC_REL_AGR,18699.81753437295,0.0,9,34.85347347904775,14366,2016
AGR_GRUPET,VIC_ES_INDIGENA,10880.374386806667,0.0,5,8.518557239937271,15304,2016
AGR_GRUPET,AGR_ES_INDIGENA,15446.999999999998,0.0,4,9.765585550592348,15447,2016
AGR_NACIONAL,VIC_REL_AGR,23.621391726365776,2.9964826571458553e-05,3,14.186475409836065,17568,2016
AGR_NACIONAL,VIC_TRABAJA,17.265704164940203,3.250001969566933e-05,1,25.5264,17500,2016
AGR_NACIONAL,VIC_ES_INDIGENA,15.250445523483746,9.415454333021205e-05,1,19.97215901485745,14942,2016
AGR_SEXO,AGR_TRABAJA,3499.095802599457,0.0,1,118.44175960346963,17754,2016
AGR_SEXO,VIC_EST_CIV,1164.1802995557866,4.3329405823003356e-252,3,28.65530303030303,14256,2016
AGR_SEXO,VIC_REL_AGR,4959.698498230698,0.0,3,160.92632612966602,18324,2016
AGR_SEXO,CANTIDAD_HIJOS,32.07325090043287,5.050696695137199e-07,3,100.58546168958743,18324,2016
AGR_SEXO,OTROS_AGRESORES,237.48474908465946,1.3904465664895036e-53,1,67.64126550346857,9514,2016
AGR_SEXO,VIOLENCIA_FISICA,52.6213302767825,4.044723863769346e-13,1,381.15225933202356,18324,2016
AGR_TRABAJA,VIC_REL_AGR,1827.585270509417,0.0,3,375.9734144418159,17754,2016
AGR_TRABAJA,QUIEN_ES_MAYOR,212.12559824314178,8.659874661045752e-47,2,153.69081386453246,16993,2016
AGR_TRABAJA,GANA_MAS_LA_VICTIMA,1088.5861015517064,9.991763315438021e-239,1,297.5611693139574,17754,2016
VIC_ALFAB,VIC_REL_AGR,187.38427703035708,2.24195697847553e-40,3,534.7019631498135,18236,2016
VIC_ALFAB,VIC_RANGO_EDAD,522.1541826275372,1.4383771689626777e-115,1,548.612908532573,18236,2016
VIC_ALFAB,VIC_NIV_ESCOLARIDAD,15604.053223501445,0.0,4,106.28853006681514,17960,2016
VIC_ALFAB,VIOLENCIA_FISICA,120.71107064527345,4.4204288152676295e-28,1,1265.3743693792499,18236,2016
VIC_ALFAB,DIF_ALFAB,9764.440302275108,0.0,2,153.18422818791947,17880,2016
VIC_ALFAB,VIC_ES_INDIGENA,1367.676365948377,2.22065988048728e-299,1,929.8784412563009,15474,2016
VIC_ALFAB,AGR_ES_INDIGENA,1189.1741605466664,1.3742473674133089e-260,1,959.8569570871261,15380,2016
VIC_EST_CIV,VIC_REL_AGR,19294.67743662912,0.0,9,33.64969135802469,14256,2016
VIC_GRUPET,VIC_ES_INDIGENA,15539.0,0.0,4,7.761374605830491,15539,2016
VIC_GRUPET,AGR_ES_INDIGENA,10890.083567804495,0.0,5,6.1849570857629566,15263,2016
VIC_NACIONAL,VIC_REL_AGR,51.38555754290459,4.048986200366391e-11,3,22.056932055940976,18162,2016
VIC_NACIONAL,VIC_TRABAJA,12.612361016144837,0.0003832041677789325,1,40.30769230769231,18083,2016
VIC_NACIONAL,VIC_ES_INDIGENA,33.361933523243856,7.650691160124636e-09,1,6.312962242117555,15414,2016
VIC_NACIONAL,AGR_ES_INDIGENA,21.34700074627908,3.832198169341887e-06,1,33.22205546492659,15325,2016
VIC_REL_AGR,OTROS_AGRESORES,369.37517081192414,9.507048507952899e-80,3,181.28810174479713,9514,2016
VIC_REL_AGR,DIF_ALFAB,233.11668598952645,1.65524832819525e-47,6,149.2474832214765,17880,2016
VIC_TRABAJA,VIC_NIV_ESCOLARIDAD,2292.4299244494637,0.0,4,185.41707644166294,17896,2016
VIC_TRABAJA,AGR_NIV_ESCOLARIDAD,1110.6522517467508,3.7175543965999265e-239,4,169.01660133732994,17348,2016
VIC_TRABAJA,GANA_MAS_LA_VICTIMA,3530.3943997185115,0.0,1,723.8886513157895,18240,2016
VIC_RANGO_EDAD,QUIEN_ES_MAYOR,1067.2734526857435,1.7559591498287936e-232,2,217.81188576714072,17298,2016
VIC_NIV_ESCOLARIDAD,DIF_ALFAB,8714.655969168405,0.0,8,29.50294517444495,17656,2016
VIC_NIV_ESCOLARIDAD,GANA_MAS_LA_VICTIMA,1305.729173809615,1.9054620076504288e-281,4,77.79743875278396,17960,2016
AGR_NIV_ESCOLARIDAD,GANA_MAS_LA_VICTIMA,372.84038707503294,2.0490615940546788e-79,4,71.41520602264238,17401,2016
OTROS_AGRESORES,VIC_OTRAS_VICTIMAS,979.4041042990912,5.38415774519347e-215,1,294.84486873508354,9218,2016
OTROS_AGRESORES,VIOLENCIA_PATRIMONIAL,341.1017479863328,3.6722362928541323e-76,1,191.39268446499895,9514,2016
VIC_OTRAS_VICTIMAS,VIOLENCIA_SEXUAL,11.703561776996125,0.000623805776128116,1,105.12155108128262,12069,2016
VIC_OTRAS_VICTIMAS,VIOLENCIA_PATRIMONIAL,585.3157900741942,2.6169607011770816e-129,1,836.1759880686055,12069,2016
VIOLENCIA_FISICA,VIOLENCIA_PSICOLOGICA,1089.3106638993465,6.9528234614383725e-239,1,1074.3379720585026,18324,2016
VIOLENCIA_FISICA,VIOLENCIA_SEXUAL,44.4028109324025,2.6730302225217413e-11,1,148.22587862912027,18324,2016
DIF_ALFAB,VIC_ES_INDIGENA,690.6265777432442,1.0773184937011001e-150,2,259.1596225673285,15261,2016
DIF_ALFAB,AGR_ES_INDIGENA,547.3962538270272,1.3627424174288058e-119,2,270.7805440295067,15183,2016
VIC_ES_INDIGENA,AGR_ES_INDIGENA,10867.843944641727,0.0,1,1925.7145137687908,15034,2016
VIC_ES_INDIGENA,GANA_MAS_LA_VICTIMA,151.53767444648537,7.995980724547571e-35,1,727.8052641740138,15539,2016
AGR_ES_INDIGENA,GANA_MAS_LA_VICTIMA,133.84260596312973,5.914307959022077e-31,1,736.7591765391338,15447,2016
AGR_ALFAB,AGR_EST_CIV,95.96254663943459,1.1466890530436563e-20,3,59.40263046245227,14142,2017
AGR_ALFAB,AGR_SEXO,379.21410081318436,1.8452886307477014e-84,1,120.2137616268993,17309,2017
AGR_ALFAB,VIC_ALFAB,2970.8366015807264,0.0,1,317.7437264560997,17255,2017
AGR_ALFAB,VIC_EST_CIV,111.97141170139619,4.130840926102703e-24,3,62.46096256684492,14025,2017
AGR_ALFAB,VIC_REL_AGR,360.1096967536044,9.650090846331399e-78,3,341.92876538217115,17309,2017
AGR_ALFAB,VIC_TRABAJA,324.56357556652983,1.4685112915368425e-72,1,644.9087749782798,17265,2017
AGR_ALFAB,CANTIDAD_HIJOS,181.48062499810044,4.223882031867294e-39,3,213.43613149228725,17309,2017
AGR_ALFAB,VIC_NIV_ESCOLARIDAD,2963.8064653839488,0.0,4,77.84436346538145,17014,2017
AGR_ALFAB,AGR_NIV_ESCOLARIDAD,13609.083407071137,0.0,4,65.06409266409267,16835,2017
AGR_ALFAB,DIF_ALFAB,6659.859064844182,0.0,2,90.80011590843233,17255,2017
AGR_ALFAB,VIC_ES_INDIGENA,696.994130939254,1.34695203557478e-153,1,563.0904482390608,14992,2017
AGR_ALFAB,AGR_ES_INDIGENA,668.859385422269,1.7687058929948754e-147,1,574.5903960462165,14973,2017
AGR_EST_CIV,AGR_SEXO,1111.891859995865,9.574404403179989e-241,3,34.96692076368977,14299,2017
AGR_EST_CIV,AGR_TRABAJA,936.7015310794625,9.683904761333222e-203,3,67.45097201452681,14043,2017
AGR_EST_CIV,VIC_ALFAB,122.60201556022969,2.123241575334416e-26,3,86.38474493018033,14251,2017
AGR_EST_CIV,VIC_EST_CIV,22480.415136341388,0.0,9,16.676421826569594,13873,2017
AGR_EST_CIV,VIC_REL_AGR,18139.380792680015,0.0,9,48.16658507587943,14299,2017
AGR_EST_CIV,VIC_RANGO_EDAD,232.68582156763614,3.631578331019398e-50,3,94.52213441499406,14299,2017
AGR_EST_CIV,GANA_MAS_LA_VICTIMA,85.86435702147693,1.6928196037985809e-18,3,68.64521994545073,14299,2017
AGR_GRUPET,VIC_ES_INDIGENA,11065.64860423951,0.0,5,7.41521869382864,15021,2017
AGR_GRUPET,AGR_ES_INDIGENA,15135.0,0.0,4,7.523092170465808,15135,2017
AGR_NACIONAL,VIC_TRABAJA,4.471773633660348,0.03445920372932111,1,22.73202230701497,17035,2017
AGR_NACIONAL,AGR_ES_INDIGENA,59.91690037945864,9.894813744083727e-15,1,12.326839826839826,14784,2017
AGR_SEXO,AGR_TRABAJA,3896.9170801113996,0.0,1,142.52798507462686,17152,2017
AGR_SEXO,VIC_EST_CIV,1251.6906042926153,4.4655387452322725e-271,3,38.11198649409116,14216,2017
AGR_SEXO,VIC_REL_AGR,5440.087308620131,0.0,3,189.22676537585423,17560,2017
AGR_SEXO,CANTIDAD_HIJOS,98.6881362669956,2.9754433855679287e-21,3,116.70318906605922,17560,2017
AGR_SEXO,VIOLENCIA_FISICA,65.79699735782431,4.998432704289282e-16,1,488.37881548974946,17560,2017
AGR_SEXO,QUIEN_ES_MAYOR,199.36156082822936,5.119023394640483e-44,2,74.15596056169704,16735,2017
AGR_TRABAJA,VIC_EST_CIV,652.167494005975,4.936419666291837e-141,3,71.2755798090041,13927,2017
AGR_TRABAJA,VIC_REL_AGR,2120.971584555744,0.0,3,403.15444263059703,17152,2017
AGR_TRABAJA,GANA_MAS_LA_VICTIMA,1098.4831909611196,7.055937774026418e-241,1,323.6572994402985,17152,2017
VIC_ALFAB,VIC_TRABAJA,427.0800215498176,7.021438250457201e-95,1,935.0189241885537,17438,2017
VIC_ALFAB,CANTIDAD_HIJOS,491.87304724275094,2.753415356754596e-106,3,308.89049007834393,17487,2017
VIC_ALFAB,VIC_RANGO_EDAD,502.84588209427926,2.2843743291327597e-111,1,510.12740893234974,17487,2017
VIC_ALFAB,VIC_NIV_ESCOLARIDAD,15081.148734928714,0.0,4,113.37606042998257,17210,2017
VIC_ALFAB,DIF_ALFAB,9428.139696748738,0.0,2,130.11898000579544,17255,2017
VIC_ALFAB,VIC_ES_INDIGENA,1452.8933555158837,0.0,1,846.2880772793436,15114,2017
VIC_ALFAB,AGR_ES_INDIGENA,1213.6312238045857,6.650706704977319e-266,1,867.2217800769333,15078,2017
VIC_EST_CIV,VIC_REL_AGR,18906.506945609115,0.0,9,47.82463421496905,14216,2017
VIC_EST_CIV,VIC_RANGO_EDAD,261.0578604550445,2.654412794697217e-56,3,101.48424310635903,14216,2017
VIC_EST_CIV,GANA_MAS_LA_VICTIMA,68.50642671281072,8.91313185230621e-15,3,71.71848621271806,14216,2017
VIC_GRUPET,VIC_ES_INDIGENA,15171.0,0.0,4,6.326280403401226,15171,2017
VIC_GRUPET,AGR_ES_INDIGENA,11110.533039360958,0.0,5,5.746403835908365,15016,2017
VIC_NACIONAL,VIC_REL_AGR,23.42640841334933,3.290700647115223e-05,3,19.343316916733478,17462,2017
VIC_NACIONAL,VIC_TRABAJA,8.87557243047999,0.002890116061887223,1,36.32008728609165,17414,2017
VIC_NACIONAL,VIC_ES_INDIGENA,98.14086492449395,3.8965414473658635e-23,1,18.627791398846995,15091,2017
VIC_NACIONAL,AGR_ES_INDIGENA,5.050765080988813,0.024615067100329832,1,33.362924108624924,15061,2017
VIC_REL_AGR,OTROS_AGRESORES,327.12291579651855,1.3389936347922944e-70,3,151.9448389420603,9717,2017
VIC_REL_AGR,DIF_ALFAB,225.99339478783503,5.482085569813982e-46,6,139.44966676325703,17255,2017
VIC_TRABAJA,VIC_NIV_ESCOLARIDAD,2221.80879412702,0.0,4,220.5187580100198,17166,2017
VIC_TRABAJA,AGR_NIV_ESCOLARIDAD,1240.2873927281712,2.9390485766778797e-267,4,181.55554232646745,16798,2017
VIC_TRABAJA,DIF_ALFAB,224.6173300562411,1.6786745582209408e-49,2,262.6692231712277,17211,2017
VIC_TRABAJA,GANA_MAS_LA_VICTIMA,3448.052994580791,0.0,1,784.633160089097,17509,2017
CANTIDAD_HIJOS,VIC_RANGO_EDAD,875.398274582327,1.9196325646555695e-189,3,338.78439635535307,17560,2017
VIC_RANGO_EDAD,QUIEN_ES_MAYOR,1049.7642322942472,1.113251547751549e-228,2,220.1690469076785,16735,2017
VIC_NIV_ESCOLARIDAD,DIF_ALFAB,8422.968741598712,0.0,8,31.546608675208653,17014,2017
VIC_NIV_ESCOLARIDAD,GANA_MAS_LA_VICTIMA,1157.066085384931,3.2312470409695665e-249,4,92.45241138872748,17210,2017
AGR_NIV_ESCOLARIDAD,GANA_MAS_LA_VICTIMA,351.87602265618443,6.9010260207555e-75,4,77.3941193941194,16835,2017
OTROS_AGRESORES,VIC_OTRAS_VICTIMAS,614.4648573935457,1.1957466141257477e-135,1,227.05078125,9472,2017
VIC_OTRAS_VICTIMAS,VIOLENCIA_SEXUAL,25.939209196215657,3.5233943829491555e-07,1,89.26410678685967,11537,2017
VIC_OTRAS_VICTIMAS,VIOLENCIA_PATRIMONIAL,365.86125414275784,1.4905306159152e-81,1,655.71925110514,11537,2017
VIOLENCIA_FISICA,VIOLENCIA_PSICOLOGICA,1320.420291035123,4.126982108019173e-289,1,1123.9031890660592,17560,2017
VIOLENCIA_FISICA,VIOLENCIA_SEXUAL,15.931689865623504,6.566995359061376e-05,1,165.65159453302962,17560,2017
VIOLENCIA_FISICA,VIC_ES_INDIGENA,329.30550205725206,1.361602725243624e-73,1,2443.701535824929,15171,2017
VIOLENCIA_FISICA,AGR_ES_INDIGENA,324.18096009300666,1.7791631162577247e-72,1,2480.1127188635614,15135,2017
DIF_ALFAB,VIC_ES_INDIGENA,706.0390650515045,4.848026889815801e-154,2,230.3109446079743,14948,2017
DIF_ALFAB,AGR_ES_INDIGENA,580.0781161914156,1.0905297872860836e-126,2,233.4935691318328,14928,2017
VIC_ES_INDIGENA,AGR_ES_INDIGENA,11030.260607178363,0.0,1,1873.6051496360205,14836,2017
VIC_ES_INDIGENA,GANA_MAS_LA_VICTIMA,117.84777795862732,1.8721877528305494e-27,1,755.6390481840353,15171,2017
AGR_ES_INDIGENA,GANA_MAS_LA_VICTIMA,115.72973030593552,5.446921360873954e-27,1,770.5795837462834,15135,2017
AGR_ALFAB,VIC_ALFAB,2311.653200273905,0.0,1,270.5184014978644,17091,2018
AGR_ALFAB,VIC_EST_CIV,105.66388533804235,9.404495728180052e-23,3,75.41189299214888,13756,2018
AGR_ALFAB,VIC_TRABAJA,254.66964744079314,2.4914448160170036e-57,1,602.3516496350366,17125,2018
AGR_ALFAB,VIC_NIV_ESCOLARIDAD,2222.541673211882,0.0,4,68.40842632929522,16757,2018
AGR_ALFAB,AGR_NIV_ESCOLARIDAD,13471.318455353925,0.0,4,55.944946392000965,16602,2018
AGR_ALFAB,DIF_ALFAB,7566.111240763285,0.0,2,88.31320578082031,17091,2018
AGR_ALFAB,VIC_ES_INDIGENA,502.05888493856213,3.3884439949932515e-111,1,496.8257710760795,14590,2018
AGR_ALFAB,AGR_ES_INDIGENA,527.4893247500611,9.93487175772446e-117,1,503.17448740883447,14534,2018
AGR_EST_CIV,AGR_SEXO,847.6608824642252,1.992235542131195e-183,3,47.827480589785594,14039,2018
AGR_EST_CIV,AGR_TRABAJA,607.3380448969154,2.5857578487854393e-131,3,92.12138475021911,13692,2018
AGR_EST_CIV,VIC_ALFAB,117.61695653172015,2.515497565906712e-25,3,108.67253596736096,13971,2018
AGR_EST_CIV,VIC_EST_CIV,23371.82575664264,0.0,9,30.55958663148637,13644,2018
AGR_EST_CIV,VIC_REL_AGR,18851.33673570261,0.0,9,64.68053280148159,14039,2018
AGR_EST_CIV,VIC_RANGO_EDAD,398.2765947805788,5.2294392104358884e-86,3,126.35159199373174,14039,2018
AGR_EST_CIV,OTROS_AGRESORES,85.14035731717999,2.42118549829862e-18,3,45.286900483331266,8069,2018
AGR_EST_CIV,DIF_ALFAB,96.26505003558813,1.5072941927428798e-18,6,32.0921826232126,13777,2018
AGR_EST_CIV,GANA_MAS_LA_VICTIMA,62.99924403974566,1.3434832200010483e-13,3,86.85803832181779,14039,2018
AGR_GRUPET,VIC_ES_INDIGENA,10996.020783708396,0.0,5,8.600824435734559,14798,2018
AGR_GRUPET,AGR_ES_INDIGENA,14823.999999999998,0.0,4,10.090528872099298,14824,2018
AGR_NACIONAL,VIC_REL_AGR,17.43444202740992,0.0005752493162743779,3,10.233610127170316,17221,2018
AGR_NACIONAL,AGR_ES_INDIGENA,80.15657639464554,3.4588554671461917e-19,1,15.042205349203092,14619,2018
AGR_SEXO,AGR_TRABAJA,3668.1420669305066,0.0,1,157.7961038961039,16940,2018
AGR_SEXO,VIC_EST_CIV,963.4277947717272,1.543875364363064e-208,3,50.52646576903897,14037,2018
AGR_SEXO,VIC_REL_AGR,5276.924933617762,0.0,3,198.2452528938815,17537,2018
AGR_SEXO,CANTIDAD_HIJOS,51.497447798356646,3.832697818788114e-11,3,125.83075782631009,17537,2018
AGR_SEXO,OTROS_AGRESORES,327.43763594358944,3.4744028237866727e-73,1,65.17885744794448,9365,2018
AGR_SEXO,VIOLENCIA_FISICA,99.70423698183593,1.7694228235620622e-23,1,525.444260705936,17537,2018
AGR_SEXO,QUIEN_ES_MAYOR,225.727130329186,9.637767407903493e-50,2,83.35210497539639,16461,2018
AGR_TRABAJA,VIC_EST_CIV,438.0209087365245,1.284232896697036e-94,3,97.34821231921298,13621,2018
AGR_TRABAJA,GANA_MAS_LA_VICTIMA,1320.7988100009345,3.4148850649481464e-289,1,343.998347107438,16940,2018
VIC_ALFAB,VIC_TRABAJA,294.5594954480233,5.047888317698007e-66,1,884.749669255105,17385,2018
VIC_ALFAB,VIC_RANGO_EDAD,520.2211557774073,3.7881445497084216e-115,1,487.16956546696514,17421,2018
VIC_ALFAB,VIC_NIV_ESCOLARIDAD,14642.817248852843,0.0,4,101.17804921017088,17029,2018
VIC_ALFAB,DIF_ALFAB,10069.567644489121,0.0,2,126.16172254402902,17091,2018
VIC_ALFAB,VIC_ES_INDIGENA,1123.6615213703171,2.3781406399460777e-246,1,763.4553251840346,14807,2018
VIC_ALFAB,AGR_ES_INDIGENA,990.5715110015187,2.0122838344531576e-217,1,768.7340620544504,14729,2018
VIC_DISC,VIC_REL_AGR,8.358206992007075,0.039160658593555095,3,15.323587884457957,17102,2018
VIC_DISC,VIC_RANGO_EDAD,21.784916492600086,3.0498843085915975e-06,1,16.110864226406267,17102,2018
VIC_EST_CIV,VIC_REL_AGR,18686.854285979614,0.0,9,66.1736838355774,14037,2018
VIC_EST_CIV,VIC_RANGO_EDAD,309.02368260459826,1.1083948372376971e-66,3,135.01175464842916,14037,2018
VIC_EST_CIV,OTROS_AGRESORES,123.86938699629823,1.1323768903397295e-26,3,47.32142412548239,8033,2018
VIC_EST_CIV,GANA_MAS_LA_VICTIMA,46.005668292256196,5.655769084064117e-10,3,90.7344874260882,14037,2018
VIC_GRUPET,VIC_ES_INDIGENA,14901.0,0.0,4,8.928394067512247,14901,2018
VIC_GRUPET,AGR_ES_INDIGENA,11035.686309590645,0.0,5,8.699925438893784,14753,2018
VIC_NACIONAL,VIC_REL_AGR,10.26347890293697,0.01645426334442465,3,16.836960256557095,17462,2018
VIC_NACIONAL,VIC_ES_INDIGENA,128.47465202548554,8.836862780557398e-30,1,23.032942603071948,14844,2018
VIC_NACIONAL,AGR_ES_INDIGENA,6.974953671023156,0.008265836262232686,1,25.799268590004065,14766,2018
VIC_REL_AGR,OTROS_AGRESORES,418.63468363792236,2.0348146756520156e-90,3,134.3615589962627,9365,2018
VIC_TRABAJA,VIC_NIV_ESCOLARIDAD,1960.4977835244304,0.0,4,213.99729364005412,16997,2018
VIC_TRABAJA,AGR_NIV_ESCOLARIDAD,1006.5675699078837,1.346803905000477e-216,4,170.6595475113122,16575,2018
VIC_TRABAJA,DIF_ALFAB,169.09825296048672,1.9088900749132964e-37,2,279.6607666158715,17062,2018
VIC_TRABAJA,GANA_MAS_LA_VICTIMA,3230.7384921323564,0.0,1,806.3644779701697,17499,2018
VIC_RANGO_EDAD,QUIEN_ES_MAYOR,1242.0703861978825,1.9401824391470058e-270,2,236.9954437761983,16461,2018
VIC_NIV_ESCOLARIDAD,DIF_ALFAB,8733.891780043605,0.0,8,31.513994151697798,16757,2018
VIC_NIV_ESCOLARIDAD,GANA_MAS_LA_VICTIMA,1159.8081084716425,8.221927058197356e-250,4,89.62787010394034,17029,2018
AGR_NIV_ESCOLARIDAD,GANA_MAS_LA_VICTIMA,352.6053608035373,4.80213160465133e-75,4,73.18973617636429,16602,2018
OTROS_AGRESORES,VIC_OTRAS_VICTIMAS,577.105598785851,1.5983599797289114e-127,1,221.81088254810882,9042,2018
VIC_OTRAS_VICTIMAS,VIOLENCIA_SEXUAL,10.956020813480139,0.0009329995830954048,1,84.83432849122181,11221,2018
VIC_OTRAS_VICTIMAS,VIOLENCIA_PATRIMONIAL,371.29245621946063,9.790111422453007e-83,1,736.3290259335175,11221,2018
VIOLENCIA_FISICA,VIOLENCIA_PSICOLOGICA,1349.1076739714763,2.4076108263444854e-295,1,1121.3468666248502,17537,2018
VIOLENCIA_FISICA,VIOLENCIA_SEXUAL,48.24479061841352,3.761963005283074e-12,1,147.36385926897418,17537,2018
VIOLENCIA_SEXUAL,VIOLENCIA_PATRIMONIAL,111.7279399097068,4.0986569403553844e-26,1,43.06323772595085,17537,2018
VIOLENCIA_SEXUAL,VIC_ES_INDIGENA,6.45925595897632,0.011037585229391512,1,98.21233474263472,14901,2018
DIF_ALFAB,VIC_ES_INDIGENA,555.2957248349848,2.624613992585845e-121,2,233.307015130674,14540,2018
DIF_ALFAB,AGR_ES_INDIGENA,523.8540752633229,1.7641393828070033e-114,2,236.7911632723507,14485,2018
VIC_ES_INDIGENA,AGR_ES_INDIGENA,10900.946359113666,0.0,1,1740.2808610136854,14541,2018
VIC_ES_INDIGENA,GANA_MAS_LA_VICTIMA,130.19698100024183,3.710654131406412e-30,1,740.7133078316891,14901,2018
AGR_ES_INDIGENA,GANA_MAS_LA_VICTIMA,125.7056848889743,3.566409933780426e-29,1,745.655288720993,14824,2018
AGR_ALFAB,AGR_EST_CIV,74.83166359989829,3.9371775465171153e-16,3,81.7329525666922,14357,2019
AGR_ALFAB,VIC_ALFAB,2811.085067071733,0.0,1,239.13394546466333,17970,2019
AGR_ALFAB,VIC_EST_CIV,96.56534366366375,8.50907420281126e-21,3,84.29293979075729,14433,2019
AGR_ALFAB,VIC_TRABAJA,219.24834676112607,1.319287890827604e-49,1,563.291212458287,17980,2019
AGR_ALFAB,VIC_NIV_ESCOLARIDAD,2648.9855619622276,0.0,4,70.63227059764598,17502,2019
AGR_ALFAB,AGR_NIV_ESCOLARIDAD,13572.92353785654,0.0,4,56.554266488775454,17239,2019
AGR_ALFAB,DIF_ALFAB,7733.644095032307,0.0,2,77.91675013912075,17970,2019
AGR_ALFAB,VIC_ES_INDIGENA,538.7649491907885,3.500384647326914e-119,1,516.9450967741935,15500,2019
AGR_ALFAB,AGR_ES_INDIGENA,543.2915363366296,3.625515054618785e-120,1,516.5601430429128,15380,2019
AGR_EST_CIV,AGR_SEXO,1274.6857785202599,4.5759582440898945e-276,3,60.46737938596491,14592,2019
AGR_EST_CIV,AGR_TRABAJA,902.0877782577601,3.120131878583091e-195,3,110.98043094312963,14155,2019
AGR_EST_CIV,VIC_ALFAB,126.62140129277859,2.8913176894388367e-27,3,119.30636951437612,14538,2019
AGR_EST_CIV,VIC_EST_CIV,25341.652174925333,0.0,9,42.81677301731996,14261,2019
AGR_EST_CIV,VIC_REL_AGR,20088.37061200784,0.0,9,83.11574835526316,14592,2019
AGR_EST_CIV,VIC_RANGO_EDAD,355.37501323889677,1.022814402677723e-76,3,156.4405153508772,14592,2019
AGR_EST_CIV,DIF_ALFAB,107.6252395134309,6.402533124414385e-21,6,36.125462284557955,14331,2019
AGR_EST_CIV,GANA_MAS_LA_VICTIMA,77.36444025811586,1.127832554750092e-16,3,99.6851014254386,14592,2019
AGR_GRUPET,VIC_ES_INDIGENA,11566.859666733437,0.0,5,8.369529156565012,15674,2019
AGR_GRUPET,AGR_ES_INDIGENA,15636.999999999998,0.0,4,9.894992645648141,15637,2019
AGR_NACIONAL,VIC_REL_AGR,11.96963387979728,0.0074879091927680585,3,11.256102285935684,18067,2019
AGR_NACIONAL,VIC_TRABAJA,5.751084732815231,0.01647847869033731,1,20.138771890933274,18044,2019
AGR_NACIONAL,AGR_ES_INDIGENA,102.03306997368617,5.460257412055489e-24,1,19.89049252475568,15451,2019
AGR_SEXO,AGR_TRABAJA,4165.37399544791,0.0,1,186.3330690826727,17660,2019
AGR_SEXO,VIC_EST_CIV,969.0877813119976,9.137578578283787e-210,3,64.50577838205302,14710,2019
AGR_SEXO,VIC_REL_AGR,5868.791354565835,0.0,3,237.21726093119617,18342,2019
AGR_SEXO,OTROS_AGRESORES,429.7945316936874,1.8013919869258412e-95,1,73.71311475409836,9516,2019
AGR_SEXO,VIOLENCIA_FISICA,58.44536105625187,2.0901585452699647e-14,1,618.0420346745175,18342,2019
AGR_SEXO,QUIEN_ES_MAYOR,267.4443440652499,8.41779951656661e-59,2,90.88637939001849,17312,2019
AGR_TRABAJA,OTROS_AGRESORES,156.69174621850695,5.9773387689410125e-36,1,125.48483554036737,9364,2019
AGR_TRABAJA,GANA_MAS_LA_VICTIMA,1266.3113156648433,2.367658976512981e-277,1,351.78646659116646,17660,2019
VIC_ALFAB,VIC_RANGO_EDAD,560.4954072395831,6.55920749754379e-124,1,478.2928845101259,18270,2019
VIC_ALFAB,VIC_NIV_ESCOLARIDAD,14959.228164907583,0.0,4,100.65210775473399,17744,2019
VIC_ALFAB,DIF_ALFAB,10274.975576270055,0.0,2,108.21524763494713,17970,2019
VIC_ALFAB,VIC_ES_INDIGENA,1256.0872505431048,3.946428523600264e-275,1,761.818320610687,15720,2019
VIC_ALFAB,AGR_ES_INDIGENA,1117.222519947156,5.9661562684593145e-245,1,768.0970412682112,15581,2019
VIC_DISC,OTROS_AGRESORES,22.03328321791033,2.6796327781085424e-06,1,5.527137546468402,9415,2019
VIC_DISC,AGR_ES_INDIGENA,5.371434180593418,0.020469140686937125,1,39.6888568242933,15247,2019
VIC_EST_CIV,VIC_REL_AGR,19243.98178970779,0.0,9,85.97063222297757,14710,2019
VIC_EST_CIV,VIC_RANGO_EDAD,294.0438351875532,1.9355664305041604e-63,3,166.21359619306594,14710,2019
VIC_EST_CIV,OTROS_AGRESORES,100.96486812696571,9.63877723517679e-22,3,54.415851517431655,7974,2019
VIC_EST_CIV,GANA_MAS_LA_VICTIMA,49.67478974204049,9.37038423972356e-11,3,103.54289598912304,14710,2019
VIC_GRUPET,VIC_ES_INDIGENA,15772.000000000004,0.0,4,11.173218361653563,15772,2019
VIC_GRUPET,AGR_ES_INDIGENA,11622.696495564423,0.0,5,9.875787578757876,15554,2019
VIC_NACIONAL,VIC_REL_AGR,35.70575371677601,8.641562605173606e-08,3,19.25595140371039,18273,2019
VIC_NACIONAL,VIC_TRABAJA,13.366569318558836,0.00025614948482462094,1,34.35664182376151,18248,2019
VIC_NACIONAL,VIOLENCIA_FISICA,3.8752445923076957,0.049003169184885065,1,50.1730421934001,18273,2019
VIC_NACIONAL,QUIEN_ES_MAYOR,20.360185581860538,3.791769034976276e-05,2,7.701715743102249,17252,2019
VIC_NACIONAL,VIC_ES_INDIGENA,176.0514804899086,3.5285330761771507e-40,1,32.84769475357711,15725,2019
VIC_REL_AGR,OTROS_AGRESORES,491.26843581908093,3.7230205278596416e-106,3,142.14754098360655,9516,2019
VIC_TRABAJA,VIC_NIV_ESCOLARIDAD,1995.2340612373318,0.0,4,226.1298679309177,17718,2019
VIC_TRABAJA,AGR_NIV_ESCOLARIDAD,998.3142176241677,8.27805840149409e-215,4,177.58885017421602,17220,2019
VIC_TRABAJA,VIOLENCIA_PATRIMONIAL,154.08905692674404,2.2144529342978785e-35,1,677.2294124071647,18312,2019
VIC_TRABAJA,GANA_MAS_LA_VICTIMA,3401.907222745821,0.0,1,777.1120030581039,18312,2019
VIC_RANGO_EDAD,QUIEN_ES_MAYOR,1454.74531314209,0.0,2,245.3558225508318,17312,2019
VIC_NIV_ESCOLARIDAD,DIF_ALFAB,8640.396712584981,0.0,8,31.786538681293568,17502,2019
VIC_NIV_ESCOLARIDAD,GANA_MAS_LA_VICTIMA,1020.2514949246661,1.457909476824936e-219,4,95.49763300270514,17744,2019
AGR_NIV_ESCOLARIDAD,GANA_MAS_LA_VICTIMA,264.7377102805574,4.345012796828911e-56,4,76.82783224084923,17239,2019
OTROS_AGRESORES,VIC_OTRAS_VICTIMAS,417.7651778371959,7.479710563062405e-93,1,200.6680902321507,9132,2019
VIC_OTRAS_VICTIMAS,VIOLENCIA_PATRIMONIAL,223.47211609609064,1.5814404104463158e-50,1,591.668400286944,11152,2019
VIOLENCIA_FISICA,VIOLENCIA_PSICOLOGICA,1534.747876478296,0.0,1,1237.477101733726,18342,2019
VIOLENCIA_FISICA,VIOLENCIA_SEXUAL,13.885864150093663,0.0001942540085062753,1,165.77085377821393,18342,2019
VIOLENCIA_FISICA,VIC_ES_INDIGENA,208.61256801244647,2.75783837057996e-47,1,2566.348592442303,15772,2019
VIOLENCIA_FISICA,AGR_ES_INDIGENA,216.91472511556492,4.259728176910335e-49,1,2575.171836029929,15637,2019
VIOLENCIA_SEXUAL,VIOLENCIA_PATRIMONIAL,82.79770508583752,9.089544526106868e-20,1,41.45731108930324,18342,2019
DIF_ALFAB,VIC_ES_INDIGENA,729.7286013288204,3.478945120854263e-159,2,229.49631640170608,15474,2019
DIF_ALFAB,AGR_ES_INDIGENA,687.859226104475,4.298004721996035e-150,2,226.0265129307537,15351,2019
VIC_ES_INDIGENA,AGR_ES_INDIGENA,11478.84642508693,0.0,1,1890.792899408284,15379,2019
VIC_ES_INDIGENA,GANA_MAS_LA_VICTIMA,121.21336760469391,3.4316629228369784e-28,1,774.094534618311,15772,2019
AGR_ES_INDIGENA,GANA_MAS_LA_VICTIMA,117.92769353649251,1.7982544641013403e-27,1,778.8772782503038,15637,2019
AGR_ALFAB,AGR_EST_CIV,147.66201149953417,8.415654358150987e-32,3,92.63544722786429,13293,2020
AGR_ALFAB,VIC_ALFAB,2610.417061518596,0.0,1,262.0424043853569,15871,2020
AGR_ALFAB,VIC_EST_CIV,109.96986425110674,1.11383536161437e-23,3,98.7568704009611,13318,2020
AGR_ALFAB,CANTIDAD_HIJOS,146.24566517262184,1.7005077566598027e-31,3,170.6096626248665,15917,2020
AGR_ALFAB,VIC_NIV_ESCOLARIDAD,2413.7732023376557,0.0,4,52.15742535866615,15474,2020
AGR_ALFAB,AGR_NIV_ESCOLARIDAD,11549.732285018275,0.0,4,46.00248203788374,15310,2020
AGR_ALFAB,DIF_ALFAB,6421.949101720978,0.0,2,79.31510301808329,15871,2020
AGR_ALFAB,VIC_ES_INDIGENA,380.6363784689541,9.045070450062778e-85,1,558.3989206206431,13341,2020
AGR_ALFAB,AGR_ES_INDIGENA,374.8830887641264,1.6181280195532825e-83,1,565.7114487738829,13294,2020
AGR_EST_CIV,AGR_SEXO,951.5854182169769,5.720994474027548e-206,3,70.39426205264715,13524,2020
AGR_EST_CIV,AGR_TRABAJA,743.658722335427,7.157641764286086e-161,3,122.23265056557628,13084,2020
AGR_EST_CIV,VIC_ALFAB,139.94919995372857,3.876263233363528e-30,3,136.28762442430545,13462,2020
AGR_EST_CIV,VIC_EST_CIV,23281.420038668744,0.0,9,54.85301422442989,13287,2020
AGR_EST_CIV,VIC_REL_AGR,20631.774169190474,0.0,9,86.99785566400473,13524,2020
AGR_EST_CIV,VIC_TRABAJA,187.15289020523213,2.5153985209629897e-40,3,204.82074282748906,13489,2020
AGR_EST_CIV,VIC_RANGO_EDAD,414.0762933981026,1.976972572517516e-89,3,170.14019520851818,13524,2020
AGR_EST_CIV,DIF_ALFAB,129.836202526168,1.3915735497050675e-25,6,39.06625915025281,13251,2020
AGR_EST_CIV,GANA_MAS_LA_VICTIMA,62.671632713966936,1.5786083708804626e-13,3,93.96265897663413,13524,2020
AGR_NACIONAL,VIOLENCIA_FISICA,4.032294550449722,0.04463719167393299,1,11.90285071267817,15996,2020
AGR_NACIONAL,AGR_ES_INDIGENA,26.768052245290775,2.2939865622884352e-07,1,6.608138489208633,13344,2020
AGR_SEXO,AGR_TRABAJA,4227.619908697782,0.0,1,176.63399615137908,15590,2020
AGR_SEXO,VIC_EST_CIV,979.3744635276599,5.362837029418135e-212,3,74.77058823529411,13600,2020
AGR_SEXO,VIC_REL_AGR,4965.3313044562865,0.0,3,199.46710485902082,16279,2020
AGR_SEXO,CANTIDAD_HIJOS,47.49872130561373,2.7222960790403933e-10,3,122.7957491246391,16279,2020
AGR_SEXO,OTROS_AGRESORES,472.7861249392972,7.93398419966568e-105,1,67.36245916938871,8572,2020
AGR_SEXO,VIOLENCIA_FISICA,76.29090349680571,2.448089879322272e-18,1,566.8665151422077,16279,2020
AGR_SEXO,QUIEN_ES_MAYOR,202.88466725455956,8.793348271735243e-45,2,83.46699875466999,15257,2020
AGR_TRABAJA,VIC_EST_CIV,603.7534495299047,1.5477173075302624e-130,3,131.6747346720623,13097,2020
AGR_TRABAJA,CANTIDAD_HIJOS,95.95327646093364,1.151961876082633e-20,3,226.84618345093008,15590,2020
AGR_TRABAJA,OTROS_AGRESORES,244.56521395963387,3.974873298007407e-55,1,111.62943557989998,8398,2020
AGR_TRABAJA,GANA_MAS_LA_VICTIMA,1127.2532374401208,3.9410735031904315e-247,1,282.2578576010263,15590,2020
VIC_ALFAB,VIC_RANGO_EDAD,443.04972962712384,2.348078773529587e-98,1,480.6125169732132,16202,2020
VIC_ALFAB,VIC_NIV_ESCOLARIDAD,12915.40116091431,0.0,4,76.40254777070064,15700,2020
VIC_ALFAB,DIF_ALFAB,8835.61259639536,0.0,2,112.15109318883498,15871,2020
VIC_ALFAB,VIC_ES_INDIGENA,880.2042772813463,1.973449558904307e-193,1,815.5290293987294,13538,2020
VIC_ALFAB,AGR_ES_INDIGENA,782.1361557960331,4.13082785854617e-172,1,822.7159925788498,13475,2020
VIC_DISC,VIC_ES_INDIGENA,5.116929919075698,0.023693498860731053,1,24.839884656245257,13178,2020
VIC_DISC,AGR_ES_INDIGENA,6.1081727383538995,0.013455817249768076,1,24.59399298673578,13118,2020
VIC_EST_CIV,VIC_REL_AGR,19541.22493553989,0.0,9,90.44617647058824,13600,2020
VIC_EST_CIV,VIC_TRABAJA,185.0725993457395,7.078393263956512e-40,3,215.62836293948553,13567,2020
VIC_EST_CIV,VIC_RANGO_EDAD,297.9511427420336,2.761813443968606e-64,3,183.5158823529412,13600,2020
VIC_EST_CIV,GANA_MAS_LA_VICTIMA,52.972383225503684,1.8583862936791183e-11,3,99.56294117647059,13600,2020
VIC_NACIONAL,VIC_REL_AGR,17.864489612616964,0.0004690801394284403,3,9.044851625640076,16209,2020
VIC_NACIONAL,VIC_ES_INDIGENA,58.28740902436445,2.2648900576065546e-14,1,13.767833407177669,13542,2020
VIC_REL_AGR,OTROS_AGRESORES,554.1399241518143,8.80188657699576e-120,3,120.02601493233784,8572,2020
VIC_REL_AGR,VIOLENCIA_SEXUAL,17.882505684989844,0.0004650853346909532,3,42.24768106149026,16279,2020
VIC_TRABAJA,VIC_NIV_ESCOLARIDAD,2102.4887437674925,0.0,4,126.93176740920406,15667,2020
VIC_TRABAJA,AGR_NIV_ESCOLARIDAD,980.4018488326178,6.305255324908966e-211,4,108.81504025132534,15279,2020
VIC_TRABAJA,VIC_ES_INDIGENA,318.11785628724715,3.722859220226178e-71,1,1429.0852381654622,13562,2020
VIC_TRABAJA,AGR_ES_INDIGENA,355.18190265721717,3.153045224052979e-79,1,1432.0954356846473,13496,2020
VIC_TRABAJA,GANA_MAS_LA_VICTIMA,3194.91858594183,0.0,1,496.08966069339243,16239,2020
CANTIDAD_HIJOS,VIOLENCIA_PSICOLOGICA,64.13846312191137,7.667054421483618e-14,3,220.2779040481602,16279,2020
VIC_RANGO_EDAD,QUIEN_ES_MAYOR,1119.3641727826043,8.573502131443023e-244,2,215.05977584059775,15257,2020
VIC_NIV_ESCOLARIDAD,DIF_ALFAB,7258.220873206369,0.0,8,21.91721597518418,15474,2020
VIC_NIV_ESCOLARIDAD,GANA_MAS_LA_VICTIMA,1044.0100921058115,1.0341769469912114e-224,4,56.86624203821656,15700,2020
AGR_NIV_ESCOLARIDAD,GANA_MAS_LA_VICTIMA,294.35668055553725,1.7866672949596614e-62,4,49.6356629653821,15310,2020
OTROS_AGRESORES,VIC_OTRAS_VICTIMAS,290.34001245997194,4.192478317297127e-65,1,174.88783570300157,8229,2020
VIC_OTRAS_VICTIMAS,VIOLENCIA_SEXUAL,13.193754629700933,0.00028088359221452986,1,68.73997192137986,9972,2020
VIC_OTRAS_VICTIMAS,VIOLENCIA_PATRIMONIAL,124.08466905837959,8.072449666702427e-29,1,535.3861813076614,9972,2020
VIOLENCIA_FISICA,VIOLENCIA_PSICOLOGICA,1447.4707259944537,0.0,1,1016.8769580441059,16279,2020
VIOLENCIA_FISICA,VIOLENCIA_SEXUAL,12.306601762339511,0.00045135898808986157,1,120.0638859880828,16279,2020
VIOLENCIA_FISICA,GANA_MAS_LA_VICTIMA,76.31025352770057,2.424218943489228e-18,1,870.6923029670127,16279,2020
VIOLENCIA_PSICOLOGICA,VIC_ES_INDIGENA,147.11060859737512,7.422525437028026e-34,1,676.6458731793439,13594,2020
VIOLENCIA_PSICOLOGICA,AGR_ES_INDIGENA,147.02957187434245,7.731551815087009e-34,1,675.3696037847427,13528,2020
VIOLENCIA_SEXUAL,VIOLENCIA_PATRIMONIAL,97.36578333486732,5.763341297981272e-23,1,29.742367467289146,16279,2020
DIF_ALFAB,VIC_ES_INDIGENA,524.4201967816938,1.3292331679095157e-114,2,228.5002630590004,13305,2020
DIF_ALFAB,AGR_ES_INDIGENA,463.8679185510568,1.8722391423349193e-101,2,231.29524025043372,13257,2020
VIC_ES_INDIGENA,AGR_ES_INDIGENA,10448.37668837947,0.0,1,1944.8768882175227,13240,2020
VIC_ES_INDIGENA,GANA_MAS_LA_VICTIMA,160.26225355800835,9.916293622635238e-37,1,636.1921435927616,13594,2020
AGR_ES_INDIGENA,GANA_MAS_LA_VICTIMA,156.73784075564947,5.840304483171545e-36,1,638.468361916026,13528,2020
AGR_ALFAB,AGR_EST_CIV,105.04903600850615,1.275276905681173e-22,3,110.73747645951036,15930,2021
AGR_ALFAB,VIC_ALFAB,3286.4512609134517,0.0,1,278.72045623605254,20165,2021
AGR_ALFAB,VIC_NIV_ESCOLARIDAD,3019.3804711935545,0.0,4,92.19897284653717,19666,2021
AGR_ALFAB,AGR_NIV_ESCOLARIDAD,14319.375123325395,0.0,4,70.50074892825783,19361,2021
AGR_ALFAB,DIF_ALFAB,8701.3522500002,0.0,2,95.52630795933548,20165,2021
AGR_ALFAB,VIC_ES_INDIGENA,559.9299023946444,8.706981257091384e-124,1,559.5417020553763,17661,2021
AGR_ALFAB,AGR_ES_INDIGENA,567.2984187266711,2.1726293813977796e-125,1,561.261114589856,17567,2021
AGR_EST_CIV,AGR_SEXO,1374.4553804224865,1.0283177825223018e-297,3,99.64832181638697,16208,2021
AGR_EST_CIV,AGR_TRABAJA,1021.6733638205224,3.5765841597279653e-221,3,159.87408829174663,15630,2021
AGR_EST_CIV,VIC_ALFAB,100.169959977932,1.4287321621392622e-21,3,153.74233698681033,16149,2021
AGR_EST_CIV,VIC_DISC,8.632469182765137,0.03459837232326686,3,5.600458219308853,15713,2021
AGR_EST_CIV,VIC_EST_CIV,28129.458887976583,0.0,9,67.38194182092936,15882,2021
AGR_EST_CIV,VIC_REL_AGR,24291.15857240417,0.0,9,109.9988894373149,16208,2021
AGR_EST_CIV,VIC_RANGO_EDAD,436.39912420258486,2.8840846386071725e-94,3,225.5909427443238,16208,2021
AGR_EST_CIV,GANA_MAS_LA_VICTIMA,134.6758800030802,5.31225329265484e-29,3,128.7713474827246,16208,2021
AGR_GRUPET,VIC_ES_INDIGENA,13621.842237007877,0.0,5,5.790619389587073,17824,2021
AGR_GRUPET,AGR_ES_INDIGENA,17832.0,0.0,4,6.13195379093764,17832,2021
AGR_NACIONAL,AGR_ES_INDIGENA,102.76547786739735,3.77266783859265e-24,1,15.850098619329389,17745,2021
AGR_SEXO,AGR_TRABAJA,5338.705562531324,0.0,1,244.25487909971105,19727,2021
AGR_SEXO,VIC_EST_CIV,1611.4590275680746,0.0,3,103.47650018407167,16298,2021
AGR_SEXO,VIC_REL_AGR,6540.66534224102,0.0,3,313.0749069103922,20679,2021
AGR_SEXO,CANTIDAD_HIJOS,103.09927797656496,3.349630228427028e-22,3,167.33313990038204,20679,2021
AGR_SEXO,OTROS_AGRESORES,481.57256946525536,9.717559807455374e-107,1,107.78225095503967,10209,2021
AGR_SEXO,VIOLENCIA_FISICA,67.20763083290765,2.443664423623231e-16,1,813.3824653029643,20679,2021
AGR_SEXO,QUIEN_ES_MAYOR,282.3841264241235,4.798064241579334e-62,2,112.41746318780677,19355,2021
AGR_TRABAJA,VIC_EST_CIV,860.932322633052,2.6354187592735716e-186,3,164.2330289290504,15659,2021
AGR_TRABAJA,OTROS_AGRESORES,241.12079777860666,2.240391449277454e-54,1,168.71876873875675,10006,2021
AGR_TRABAJA,GANA_MAS_LA_VICTIMA,1189.7932698633158,1.0081245733094581e-260,1,394.85841739747553,19727,2021
VIC_ALFAB,VIC_RANGO_EDAD,568.3971593508304,1.253079016144588e-125,1,567.5312606266699,20585,2021
VIC_ALFAB,VIC_NIV_ESCOLARIDAD,16261.925119210397,0.0,4,126.27408038488524,19954,2021
VIC_ALFAB,DIF_ALFAB,11192.86162429048,0.0,2,126.76498884205306,20165,2021
VIC_ALFAB,VIC_ES_INDIGENA,1301.4355883727571,5.5112278357445205e-285,1,776.3257698541329,17893,2021
VIC_ALFAB,AGR_ES_INDIGENA,1182.8230799908986,3.2987197263455407e-259,1,774.6131501913983,17764,2021
VIC_DISC,VIC_RANGO_EDAD,20.341434055341324,6.478244443704799e-06,1,24.227091633466134,20080,2021
VIC_EST_CIV,VIC_REL_AGR,23894.157726899048,0.0,9,108.48447662289851,16298,2021
VIC_EST_CIV,VIC_RANGO_EDAD,423.20147185879057,2.0854715270084452e-91,3,233.03350104307276,16298,2021
VIC_EST_CIV,GANA_MAS_LA_VICTIMA,92.25276911092757,7.188344519757658e-20,3,130.40250337464718,16298,2021
VIC_GRUPET,VIC_ES_INDIGENA,17950.999999999996,0.0,4,8.380368781683472,17951,2021
VIC_GRUPET,AGR_ES_INDIGENA,13699.028381328037,0.0,5,6.450340825868965,17751,2021
VIC_NACIONAL,VIC_TRABAJA,6.986289905721935,0.008213643550399562,1,30.777408637873755,20468,2021
VIC_NACIONAL,VIC_ES_INDIGENA,157.91378150417543,3.232065254495518e-36,1,24.21936096525528,17902,2021
VIC_TRABAJA,VIC_NIV_ESCOLARIDAD,2741.7007758354084,0.0,4,270.4722724532851,19908,2021
VIC_TRABAJA,AGR_NIV_ESCOLARIDAD,1254.547808233659,2.379873216761434e-270,4,201.42676741538142,19322,2021
VIC_TRABAJA,VIOLENCIA_FISICA,267.45657222756796,4.0667530563395557e-60,1,3026.2392242424244,20625,2021
VIC_TRABAJA,GANA_MAS_LA_VICTIMA,3796.0459568366446,0.0,1,779.0943515151515,20625,2021
CANTIDAD_HIJOS,VIOLENCIA_PSICOLOGICA,115.21394649678052,8.27987074052912e-25,3,261.34503602688716,20679,2021
VIC_RANGO_EDAD,QUIEN_ES_MAYOR,1544.7050902024607,0.0,2,289.1903900800827,19355,2021
VIC_NIV_ESCOLARIDAD,DIF_ALFAB,9160.411343511258,0.0,8,41.364944574392354,19666,2021
VIC_NIV_ESCOLARIDAD,GANA_MAS_LA_VICTIMA,1166.7548002078179,2.5651199579488722e-251,4,114.67610504159568,19954,2021
AGR_NIV_ESCOLARIDAD,GANA_MAS_LA_VICTIMA,251.30002411784204,3.415846507194179e-53,4,86.0348122514333,19361,2021
OTROS_AGRESORES,VIC_OTRAS_VICTIMAS,502.9247455816063,2.1958787857938495e-111,1,271.53946146703805,9693,2021
VIC_OTRAS_VICTIMAS,VIOLENCIA_SEXUAL,19.870199492970883,8.288230058192261e-06,1,83.61078497148608,11924,2021
VIC_OTRAS_VICTIMAS,VIOLENCIA_PATRIMONIAL,121.68441353010988,2.7063839679518184e-28,1,600.729620932573,11924,2021
VIOLENCIA_FISICA,VIOLENCIA_PSICOLOGICA,2147.027832661264,0.0,1,1270.3608491706561,20679,2021
VIOLENCIA_FISICA,VIOLENCIA_SEXUAL,43.485044582029595,4.272119223163444e-11,1,167.46109579766915,20679,2021
VIOLENCIA_FISICA,VIC_ES_INDIGENA,285.37642987323954,5.0584552029331926e-64,1,2822.2503481700182,17951,2021
VIOLENCIA_FISICA,AGR_ES_INDIGENA,261.7569266297145,7.104817980774596e-59,1,2808.1121018393897,17832,2021
VIOLENCIA_FISICA,GANA_MAS_LA_VICTIMA,91.71254061279555,1.0022770549233208e-21,1,1265.9668262488515,20679,2021
DIF_ALFAB,VIC_ES_INDIGENA,724.2027453142895,5.512796553694222e-158,2,245.8859509759419,17624,2021
DIF_ALFAB,AGR_ES_INDIGENA,618.9576554638672,3.9359797023857666e-135,2,248.31327777143508,17518,2021
VIC_ES_INDIGENA,AGR_ES_INDIGENA,13554.980452967498,0.0,1,1820.4665069040284,17526,2021
AGR_ALFAB,VIC_ALFAB,3492.250373333579,0.0,1,286.4357396568112,19989,2022
AGR_ALFAB,VIC_TRABAJA,317.259081703167,5.727175596079427e-71,1,701.7156128258915,20022,2022
AGR_ALFAB,CANTIDAD_HIJOS,172.05251377616287,4.5871660147313445e-37,3,208.4893913736428,20078,2022
AGR_ALFAB,VIC_NIV_ESCOLARIDAD,3367.788275335837,0.0,4,108.45792863715367,19562,2022
AGR_ALFAB,AGR_NIV_ESCOLARIDAD,14708.52910434347,0.0,4,82.53401624502044,19329,2022
AGR_ALFAB,DIF_ALFAB,8595.063540276557,0.0,2,103.963980189104,19989,2022
AGR_ALFAB,VIC_ES_INDIGENA,943.7977232919421,2.957808316977665e-207,1,586.777442432372,17892,2022
AGR_ALFAB,AGR_ES_INDIGENA,886.3500142373009,9.103087516083637e-195,1,583.0891608391609,17732,2022
AGR_EST_CIV,AGR_SEXO,1263.5321030174064,1.2038336682900374e-273,3,94.30095044127631,14730,2022
AGR_EST_CIV,AGR_TRABAJA,1022.3423974424828,2.560539717222644e-221,3,140.20511736096427,14187,2022
AGR_EST_CIV,VIC_ALFAB,77.80937324424623,9.054052269955947e-17,3,121.75829578041787,14646,2022
AGR_EST_CIV,VIC_EST_CIV,24528.95460010054,0.0,9,43.45416227608008,14235,2022
AGR_EST_CIV,VIC_REL_AGR,22019.450431005585,0.0,9,71.61819416157502,14730,2022
AGR_GRUPET,VIC_ES_INDIGENA,14158.31186317254,0.0,5,6.998509357919726,18113,2022
AGR_GRUPET,AGR_ES_INDIGENA,18120.999999999996,0.0,4,7.328624248109928,18121,2022
AGR_NACIONAL,VIC_ES_INDIGENA,7.0817560473452765,0.007787266015385441,1,8.326476148115201,17986,2022
AGR_NACIONAL,AGR_ES_INDIGENA,35.99711313541365,1.9761008347752703e-09,1,5.456649337581754,17889,2022
AGR_SEXO,AGR_TRABAJA,5408.062046240927,0.0,1,285.5626905100589,19684,2022
AGR_SEXO,VIC_EST_CIV,1252.035000876499,3.7596614338055405e-271,3,94.36915887850468,14766,2022
AGR_SEXO,VIC_REL_AGR,6906.493969594291,0.0,3,370.94826254826256,20720,2022
AGR_SEXO,CANTIDAD_HIJOS,158.3350126969243,4.192130063049123e-34,3,183.05945945945945,20720,2022
AGR_SEXO,OTROS_AGRESORES,503.4295532940067,1.7051938890267532e-111,1,118.61243927993142,10499,2022
AGR_SEXO,QUIEN_ES_MAYOR,300.67845850420326,5.110958119202699e-66,2,130.4539616778871,19310,2022
AGR_TRABAJA,CANTIDAD_HIJOS,130.98951556857747,3.309975380157084e-28,3,302.40723430197113,19684,2022
AGR_TRABAJA,OTROS_AGRESORES,203.61953756327975,3.3884591465882467e-46,1,163.98158126775743,10207,2022
AGR_TRABAJA,GANA_MAS_LA_VICTIMA,1101.4612034757697,1.5896470581032856e-241,1,449.0818939239992,19684,2022
VIC_ALFAB,VIC_TRABAJA,407.1063615490663,1.5631570799913748e-90,1,904.7366058358544,20494,2022
VIC_ALFAB,VIC_RANGO_EDAD,518.0917092229721,1.1008224338608875e-114,1,620.1948822728157,20556,2022
VIC_ALFAB,VIC_NIV_ESCOLARIDAD,16340.359864658036,0.0,4,142.26785266850413,19955,2022
VIC_ALFAB,DIF_ALFAB,10608.816917631697,0.0,2,130.22242233228275,19989,2022
VIC_ALFAB,VIC_ES_INDIGENA,1551.4779517570068,0.0,1,782.663219844893,18181,2022
VIC_ALFAB,AGR_ES_INDIGENA,1394.1255976957045,3.9714680249566746e-305,1,782.8665407267474,17998,2022
VIC_DISC,VIC_RANGO_EDAD,29.052851846489705,7.043034471619582e-08,1,27.25134849019509,19837,2022
VIC_DISC,VIC_ES_INDIGENA,8.69126316238428,0.003197389598904555,1,34.13989844240315,17527,2022
VIC_EST_CIV,VIC_REL_AGR,22130.211043179923,0.0,9,67.65576323987538,14766,2022
VIC_GRUPET,VIC_ES_INDIGENA,18307.0,0.0,4,6.658928278800459,18307,2022
VIC_GRUPET,AGR_ES_INDIGENA,14196.731930993892,0.0,5,5.426697788151606,17994,2022
VIC_NACIONAL,VIC_TRABAJA,6.275139628315023,0.012244347246818584,1,23.93746651731359,20533,2022
VIC_NACIONAL,VIC_ES_INDIGENA,85.89012225863691,1.902165678698394e-20,1,12.728570644116193,18211,2022
VIC_NACIONAL,AGR_ES_INDIGENA,6.147156546136903,0.013162355821996066,1,20.164335664335663,18018,2022
VIC_TRABAJA,AGR_NIV_ESCOLARIDAD,1346.8798510698175,2.2787659350202344e-290,4,242.34847306475865,19287,2022
VIC_TRABAJA,VIOLENCIA_FISICA,308.5136430860832,4.60277782067826e-69,1,3161.6630829580126,20649,2022
VIC_TRABAJA,DIF_ALFAB,243.688898035099,1.2123503470940568e-53,2,317.70831661316214,19936,2022
VIC_TRABAJA,GANA_MAS_LA_VICTIMA,3523.4017520060243,0.0,1,915.1756501525498,20649,2022
VIC_RANGO_EDAD,QUIEN_ES_MAYOR,1375.1331550938792,2.4753090533861545e-299,2,326.249404453651,19310,2022
VIC_NIV_ESCOLARIDAD,DIF_ALFAB,8871.328261532983,0.0,8,48.494939167774255,19562,2022
VIC_NIV_ESCOLARIDAD,GANA_MAS_LA_VICTIMA,905.8630368082867,8.939870251632172e-195,4,142.16612377850163,19955,2022
AGR_NIV_ESCOLARIDAD,GANA_MAS_LA_VICTIMA,232.27701484835038,4.2695959236619635e-49,4,104.79900667390967,19329,2022
OTROS_AGRESORES,VIC_OTRAS_VICTIMAS,609.0634924574897,1.7883053518624814e-134,1,234.92151798132326,10066,2022
VIC_OTRAS_VICTIMAS,VIOLENCIA_PATRIMONIAL,102.79802742281774,3.711188668274117e-24,1,512.821541534876,12014,2022
VIOLENCIA_FISICA,VIOLENCIA_PSICOLOGICA,2087.2289093079844,0.0,1,1117.195366795367,20720,2022
VIOLENCIA_FISICA,VIOLENCIA_SEXUAL,25.48446914747161,4.4595839630562977e-07,1,125.23552123552123,20720,2022
VIOLENCIA_FISICA,VIC_ES_INDIGENA,312.46580371247114,6.339758291071563e-70,1,2738.4049817009886,18307,2022
VIOLENCIA_FISICA,AGR_ES_INDIGENA,301.5840026974604,1.4882418462991313e-67,1,2727.204127807516,18121,2022
DIF_ALFAB,VIC_ES_INDIGENA,694.4323345875731,1.6066989753229068e-151,2,260.705852645755,17821,2022
DIF_ALFAB,AGR_ES_INDIGENA,639.9832441086911,1.0700505301807554e-139,2,257.80224260958204,17658,2022
VIC_ES_INDIGENA,AGR_ES_INDIGENA,14088.348612767768,0.0,1,1816.4919558271204,17839,2022
AGR_ALFAB,VIC_ALFAB,3159.0388162698023,0.0,1,290.3095126887747,19269,2023
AGR_ALFAB,VIC_EST_CIV,86.89290147281369,1.0181057497904915e-18,3,91.38646747407354,13789,2023
AGR_ALFAB,VIC_TRABAJA,308.045480697415,5.821137307656416e-69,1,726.1476430016077,19283,2023
AGR_ALFAB,CANTIDAD_HIJOS,127.44869026947782,1.917982631497365e-27,3,202.6862866584056,19368,2023
AGR_ALFAB,AGR_NIV_ESCOLARIDAD,13987.48836183769,0.0,4,86.61952062189592,18524,2023
AGR_ALFAB,DIF_ALFAB,8790.18056074775,0.0,2,119.79947065234315,19269,2023
AGR_ALFAB,VIC_ES_INDIGENA,770.4126981729157,1.4622601477695343e-169,1,637.3940383830135,17143,2023
AGR_ALFAB,AGR_ES_INDIGENA,762.6304928691386,7.196278660265201e-168,1,611.3247888488571,16931,2023
AGR_EST_CIV,AGR_SEXO,1389.4160612557823,5.831821464243195e-301,3,85.09768436052725,14035,2023
AGR_EST_CIV,AGR_TRABAJA,1021.0443349551218,4.896963387977589e-221,3,136.03649851632048,13480,2023
AGR_EST_CIV,VIC_ALFAB,96.14781077223954,1.046228218113506e-20,3,112.01514064293914,13936,2023
AGR_EST_CIV,VIC_EST_CIV,23488.02607192332,0.0,9,39.41688888888889,13500,2023
AGR_EST_CIV,VIC_REL_AGR,20024.453888998098,0.0,9,73.40406127538297,14035,2023
AGR_GRUPET,VIC_ES_INDIGENA,13482.082022019986,0.0,5,7.732118135671435,17336,2023
AGR_GRUPET,AGR_ES_INDIGENA,17295.000000000004,0.0,4,7.726510552182712,17295,2023
AGR_NACIONAL,VIC_TRABAJA,14.85660645952671,0.00011600105180275865,1,13.4291974522293,19625,2023
AGR_NACIONAL,AGR_ES_INDIGENA,51.425012125956506,7.438476615372466e-13,1,8.739813736903375,17180,2023
AGR_SEXO,AGR_TRABAJA,4750.3006381111345,0.0,1,312.0419847328244,18864,2023
AGR_SEXO,VIC_EST_CIV,1446.109851741356,0.0,3,87.99604770978898,14169,2023
AGR_SEXO,CANTIDAD_HIJOS,168.72760218838462,2.3952523720438003e-36,3,171.87755610972567,20050,2023
AGR_SEXO,OTROS_AGRESORES,456.74322742627567,2.458253369418957e-101,1,139.37522441651706,8912,2023
AGR_SEXO,QUIEN_ES_MAYOR,301.4335320768423,3.503807026409434e-66,2,128.71500698249005,18618,2023
AGR_TRABAJA,GANA_MAS_LA_VICTIMA,945.1732689220361,1.4857936604449211e-207,1,507.39821882951657,18864,2023
VIC_ALFAB,VIC_TRABAJA,432.0529794935012,5.808442310653507e-96,1,867.6461155934439,19707,2023
VIC_ALFAB,VIC_RANGO_EDAD,405.5548523055995,3.401995111129918e-90,1,597.8477964561563,19809,2023
VIC_ALFAB,VIC_NIV_ESCOLARIDAD,15736.93066034652,0.0,4,133.43392792136876,19229,2023
VIC_ALFAB,DIF_ALFAB,10117.760536955355,0.0,2,140.2410088743578,19269,2023
VIC_ALFAB,VIC_ES_INDIGENA,1543.0387329614778,0.0,1,783.688736027515,17445,2023
VIC_ALFAB,AGR_ES_INDIGENA,1384.16713227191,5.79373747268851e-303,1,765.2089300267785,17178,2023
VIC_DISC,VIC_NIV_ESCOLARIDAD,11.594554298918437,0.020635238936402518,4,7.05854749822666,18327,2023
VIC_DISC,VIC_ES_INDIGENA,7.241813483070322,0.007122500447714496,1,45.70896906599653,16713,2023
VIC_DISC,AGR_ES_INDIGENA,5.114447429655426,0.02372742135513878,1,44.13838120104439,16469,2023
VIC_EST_CIV,VIC_REL_AGR,19572.316174902822,0.0,9,71.54322817418307,14169,2023
VIC_GRUPET,VIC_ES_INDIGENA,17571.000000000004,0.0,4,7.027488475328666,17571,2023
VIC_GRUPET,AGR_ES_INDIGENA,13492.703561687864,0.0,5,6.403859608208955,17152,2023
VIC_NACIONAL,VIC_ES_INDIGENA,47.6729348179545,5.035962855851045e-12,1,8.043835616438356,17520,2023
VIC_NACIONAL,AGR_ES_INDIGENA,5.868708057676254,0.015412358798865966,1,17.162693579258743,17241,2023
VIC_TRABAJA,VIOLENCIA_PSICOLOGICA,85.08921097111516,2.8520251599530365e-20,1,746.2372736847384,19939,2023
VIC_TRABAJA,DIF_ALFAB,277.4556511522124,5.639893015971036e-61,2,347.7971437506515,19186,2023
VIC_TRABAJA,GANA_MAS_LA_VICTIMA,3450.0865183184183,0.0,1,950.6858418175435,19939,2023
VIC_RANGO_EDAD,QUIEN_ES_MAYOR,1525.1218831661683,0.0,2,319.14061660758404,18618,2023
VIC_NIV_ESCOLARIDAD,DIF_ALFAB,8447.600564971914,0.0,8,52.01531019084578,18811,2023
VIC_NIV_ESCOLARIDAD,GANA_MAS_LA_VICTIMA,1070.7864825082738,1.6261214252686817e-230,4,143.19985438660356,19229,2023
AGR_NIV_ESCOLARIDAD,GANA_MAS_LA_VICTIMA,244.2493278368777,1.12791770533323e-51,4,109.08227164759231,18524,2023
OTROS_AGRESORES,VIC_OTRAS_VICTIMAS,905.4177488741311,6.517351407593049e-199,1,226.1326228537596,8445,2023
VIC_OTRAS_VICTIMAS,VIOLENCIA_PATRIMONIAL,68.58171063386996,1.2172783936693388e-16,1,335.5118147900124,10453,2023
VIOLENCIA_FISICA,VIOLENCIA_PSICOLOGICA,2214.2833430787105,0.0,1,1013.1646882793018,20050,2023
VIOLENCIA_FISICA,VIOLENCIA_SEXUAL,26.035532697595382,3.351911552689093e-07,1,136.90209476309226,20050,2023
VIOLENCIA_PSICOLOGICA,VIOLENCIA_SEXUAL,86.34555063168796,1.5108807811840957e-20,1,34.788229426433915,20050,2023
VIOLENCIA_PSICOLOGICA,AGR_ES_INDIGENA,125.42209768498445,4.1142848010678444e-29,1,648.0190806591501,17295,2023
DIF_ALFAB,VIC_ES_INDIGENA,669.7125002177248,3.747816741867931e-146,2,296.7310555002051,17063,2023
DIF_ALFAB,AGR_ES_INDIGENA,629.8569430668983,1.6916192507186957e-137,2,285.88846039750814,16855,2023
VIC_ES_INDIGENA,AGR_ES_INDIGENA,13439.898930699914,0.0,1,1921.0201437153964,16978,2023
VIC_ES_INDIGENA,GANA_MAS_LA_VICTIMA,177.34255129968318,1.843624897022645e-40,1,887.136759433157,17571,2023
AGR_ES_INDIGENA,GANA_MAS_LA_VICTIMA,172.02576140019846,2.671375540384153e-39,1,885.8612315698178,17295,2023
